role,timing,tau,event_count_percentile,event_count_raw,event_count_centered,marginal_effect_raw,std_error_raw,conf_low_raw,conf_high_raw,N,event_count_sample_mean,centered_mean_check,marginal_effect,std_error,conf_low,conf_high,return_unit,inference
Actor1,reaction,0.05,0.1,937.5,-876.1065573770493,0.003576562433842188,NA,NA,NA,1586,1813.6065573770493,-1.0515541079058255e-13,0.3576562433842188,NA,NA,NA,percent,bootstrap_xy_R500
Actor1,reaction,0.05,0.25,1107.25,-706.3565573770493,0.0034679824490930523,NA,NA,NA,1586,1813.6065573770493,-1.0515541079058255e-13,0.3467982449093052,NA,NA,NA,percent,bootstrap_xy_R500
Actor1,reaction,0.05,0.5,1412.5,-401.1065573770493,0.003272730370479363,NA,NA,NA,1586,1813.6065573770493,-1.0515541079058255e-13,0.3272730370479363,NA,NA,NA,percent,bootstrap_xy_R500
Actor1,reaction,0.05,0.75,2139,325.3934426229507,0.002808027225146537,NA,NA,NA,1586,1813.6065573770493,-1.0515541079058255e-13,0.2808027225146537,NA,NA,NA,percent,bootstrap_xy_R500
Actor1,reaction,0.05,0.9,3174,1360.3934426229507,0.0021459931502401707,NA,NA,NA,1586,1813.6065573770493,-1.0515541079058255e-13,0.21459931502401708,NA,NA,NA,percent,bootstrap_xy_R500
Actor1,reaction,0.1,0.1,937.5,-876.1065573770493,0.001451608970101606,NA,NA,NA,1586,1813.6065573770493,-1.0515541079058255e-13,0.1451608970101606,NA,NA,NA,percent,bootstrap_xy_R500
Actor1,reaction,0.1,0.25,1107.25,-706.3565573770493,0.0015392725336722305,NA,NA,NA,1586,1813.6065573770493,-1.0515541079058255e-13,0.15392725336722304,NA,NA,NA,percent,bootstrap_xy_R500
Actor1,reaction,0.1,0.5,1412.5,-401.1065573770493,0.0016969120198574036,NA,NA,NA,1586,1813.6065573770493,-1.0515541079058255e-13,0.16969120198574036,NA,NA,NA,percent,bootstrap_xy_R500
Actor1,reaction,0.1,0.75,2139,325.3934426229507,0.002072096579115481,NA,NA,NA,1586,1813.6065573770493,-1.0515541079058255e-13,0.2072096579115481,NA,NA,NA,percent,bootstrap_xy_R500
Actor1,reaction,0.1,0.9,3174,1360.3934426229507,0.0026065990138465344,NA,NA,NA,1586,1813.6065573770493,-1.0515541079058255e-13,0.26065990138465345,NA,NA,NA,percent,bootstrap_xy_R500
Actor1,reaction,0.15000000000000002,0.1,937.5,-876.1065573770493,9.2141759420617e-4,NA,NA,NA,1586,1813.6065573770493,-1.0515541079058255e-13,0.09214175942061699,NA,NA,NA,percent,bootstrap_xy_R500
Actor1,reaction,0.15000000000000002,0.25,1107.25,-706.3565573770493,0.0010677113842276391,NA,NA,NA,1586,1813.6065573770493,-1.0515541079058255e-13,0.10677113842276391,NA,NA,NA,percent,bootstrap_xy_R500
Actor1,reaction,0.15000000000000002,0.5,1412.5,-401.1065573770493,0.0013307816605401777,NA,NA,NA,1586,1813.6065573770493,-1.0515541079058255e-13,0.1330781660540178,NA,NA,NA,percent,bootstrap_xy_R500
Actor1,reaction,0.15000000000000002,0.75,2139,325.3934426229507,0.0019568932272594547,NA,NA,NA,1586,1813.6065573770493,-1.0515541079058255e-13,0.19568932272594547,NA,NA,NA,percent,bootstrap_xy_R500
Actor1,reaction,0.15000000000000002,0.9,3174,1360.3934426229507,0.0028488759823240817,NA,NA,NA,1586,1813.6065573770493,-1.0515541079058255e-13,0.28488759823240817,NA,NA,NA,percent,bootstrap_xy_R500
Actor1,reaction,0.2,0.1,937.5,-876.1065573770493,9.640754921520634e-4,NA,NA,NA,1586,1813.6065573770493,-1.0515541079058255e-13,0.09640754921520633,NA,NA,NA,percent,bootstrap_xy_R500
Actor1,reaction,0.2,0.25,1107.25,-706.3565573770493,0.0010446277344198932,NA,NA,NA,1586,1813.6065573770493,-1.0515541079058255e-13,0.10446277344198932,NA,NA,NA,percent,bootstrap_xy_R500
Actor1,reaction,0.2,0.5,1412.5,-401.1065573770493,0.0011894794101327362,NA,NA,NA,1586,1813.6065573770493,-1.0515541079058255e-13,0.11894794101327362,NA,NA,NA,percent,bootstrap_xy_R500
Actor1,reaction,0.2,0.75,2139,325.3934426229507,0.001534228771002123,NA,NA,NA,1586,1813.6065573770493,-1.0515541079058255e-13,0.1534228771002123,NA,NA,NA,percent,bootstrap_xy_R500
Actor1,reaction,0.2,0.9,3174,1360.3934426229507,0.0020253720449179046,NA,NA,NA,1586,1813.6065573770493,-1.0515541079058255e-13,0.20253720449179047,NA,NA,NA,percent,bootstrap_xy_R500
Actor1,reaction,0.25,0.1,937.5,-876.1065573770493,0.0010911387892858127,NA,NA,NA,1586,1813.6065573770493,-1.0515541079058255e-13,0.10911387892858126,NA,NA,NA,percent,bootstrap_xy_R500
Actor1,reaction,0.25,0.25,1107.25,-706.3565573770493,0.0011437671847180295,NA,NA,NA,1586,1813.6065573770493,-1.0515541079058255e-13,0.11437671847180295,NA,NA,NA,percent,bootstrap_xy_R500
Actor1,reaction,0.25,0.5,1412.5,-401.1065573770493,0.0012384052860769938,NA,NA,NA,1586,1813.6065573770493,-1.0515541079058255e-13,0.12384052860769938,NA,NA,NA,percent,bootstrap_xy_R500
Actor1,reaction,0.25,0.75,2139,325.3934426229507,0.0014636455174849795,NA,NA,NA,1586,1813.6065573770493,-1.0515541079058255e-13,0.14636455174849794,NA,NA,NA,percent,bootstrap_xy_R500
Actor1,reaction,0.25,0.9,3174,1360.3934426229507,0.0017845314631247113,NA,NA,NA,1586,1813.6065573770493,-1.0515541079058255e-13,0.17845314631247114,NA,NA,NA,percent,bootstrap_xy_R500
Actor1,reaction,0.3,0.1,937.5,-876.1065573770493,-1.315753458700535e-4,NA,NA,NA,1586,1813.6065573770493,-1.0515541079058255e-13,-0.01315753458700535,NA,NA,NA,percent,bootstrap_xy_R500
Actor1,reaction,0.3,0.25,1107.25,-706.3565573770493,3.188997830025678e-5,NA,NA,NA,1586,1813.6065573770493,-1.0515541079058255e-13,0.0031889978300256782,NA,NA,NA,percent,bootstrap_xy_R500
Actor1,reaction,0.3,0.5,1412.5,-401.1065573770493,3.2583866874495314e-4,NA,NA,NA,1586,1813.6065573770493,-1.0515541079058255e-13,0.03258386687449531,NA,NA,NA,percent,bootstrap_xy_R500
Actor1,reaction,0.3,0.75,2139,325.3934426229507,0.001025441366887695,NA,NA,NA,1586,1813.6065573770493,-1.0515541079058255e-13,0.1025441366887695,NA,NA,NA,percent,bootstrap_xy_R500
Actor1,reaction,0.3,0.9,3174,1360.3934426229507,0.0020221224303119726,NA,NA,NA,1586,1813.6065573770493,-1.0515541079058255e-13,0.20221224303119725,NA,NA,NA,percent,bootstrap_xy_R500
Actor1,reaction,0.35000000000000003,0.1,937.5,-876.1065573770493,5.87387661080653e-4,NA,NA,NA,1586,1813.6065573770493,-1.0515541079058255e-13,0.0587387661080653,NA,NA,NA,percent,bootstrap_xy_R500
Actor1,reaction,0.35000000000000003,0.25,1107.25,-706.3565573770493,6.359234839606509e-4,NA,NA,NA,1586,1813.6065573770493,-1.0515541079058255e-13,0.06359234839606509,NA,NA,NA,percent,bootstrap_xy_R500
Actor1,reaction,0.35000000000000003,0.5,1412.5,-401.1065573770493,7.232021875489829e-4,NA,NA,NA,1586,1813.6065573770493,-1.0515541079058255e-13,0.07232021875489829,NA,NA,NA,percent,bootstrap_xy_R500
Actor1,reaction,0.35000000000000003,0.75,2139,325.3934426229507,9.309269317158077e-4,NA,NA,NA,1586,1813.6065573770493,-1.0515541079058255e-13,0.09309269317158077,NA,NA,NA,percent,bootstrap_xy_R500
Actor1,reaction,0.35000000000000003,0.9,3174,1360.3934426229507,0.0012268596367573266,NA,NA,NA,1586,1813.6065573770493,-1.0515541079058255e-13,0.12268596367573266,NA,NA,NA,percent,bootstrap_xy_R500
Actor1,reaction,0.4,0.1,937.5,-876.1065573770493,-4.7318628161773717e-4,NA,NA,NA,1586,1813.6065573770493,-1.0515541079058255e-13,-0.047318628161773714,NA,NA,NA,percent,bootstrap_xy_R500
Actor1,reaction,0.4,0.25,1107.25,-706.3565573770493,-2.537796841706047e-4,NA,NA,NA,1586,1813.6065573770493,-1.0515541079058255e-13,-0.02537796841706047,NA,NA,NA,percent,bootstrap_xy_R500
Actor1,reaction,0.4,0.5,1412.5,-401.1065573770493,1.4076443288823018e-4,NA,NA,NA,1586,1813.6065573770493,-1.0515541079058255e-13,0.014076443288823019,NA,NA,NA,percent,bootstrap_xy_R500
Actor1,reaction,0.4,0.75,2139,325.3934426229507,0.0010797858941273572,NA,NA,NA,1586,1813.6065573770493,-1.0515541079058255e-13,0.10797858941273572,NA,NA,NA,percent,bootstrap_xy_R500
Actor1,reaction,0.4,0.9,3174,1360.3934426229507,0.00241755218784036,NA,NA,NA,1586,1813.6065573770493,-1.0515541079058255e-13,0.241755218784036,NA,NA,NA,percent,bootstrap_xy_R500
Actor1,reaction,0.45,0.1,937.5,-876.1065573770493,2.1994937090451976e-4,NA,NA,NA,1586,1813.6065573770493,-1.0515541079058255e-13,0.021994937090451975,NA,NA,NA,percent,bootstrap_xy_R500
Actor1,reaction,0.45,0.25,1107.25,-706.3565573770493,3.810784183305372e-4,NA,NA,NA,1586,1813.6065573770493,-1.0515541079058255e-13,0.03810784183305372,NA,NA,NA,percent,bootstrap_xy_R500
Actor1,reaction,0.45,0.5,1412.5,-401.1065573770493,6.708259395487513e-4,NA,NA,NA,1586,1813.6065573770493,-1.0515541079058255e-13,0.06708259395487513,NA,NA,NA,percent,bootstrap_xy_R500
Actor1,reaction,0.45,0.75,2139,325.3934426229507,0.0013604297861172445,NA,NA,NA,1586,1813.6065573770493,-1.0515541079058255e-13,0.13604297861172446,NA,NA,NA,percent,bootstrap_xy_R500
Actor1,reaction,0.45,0.9,3174,1360.3934426229507,0.002342866098847307,NA,NA,NA,1586,1813.6065573770493,-1.0515541079058255e-13,0.23428660988473068,NA,NA,NA,percent,bootstrap_xy_R500
Actor1,reaction,0.5,0.1,937.5,-876.1065573770493,3.1230651241057603e-4,NA,NA,NA,1586,1813.6065573770493,-1.0515541079058255e-13,0.031230651241057603,NA,NA,NA,percent,bootstrap_xy_R500
Actor1,reaction,0.5,0.25,1107.25,-706.3565573770493,4.6839405452389225e-4,NA,NA,NA,1586,1813.6065573770493,-1.0515541079058255e-13,0.046839405452389224,NA,NA,NA,percent,bootstrap_xy_R500
Actor1,reaction,0.5,0.5,1412.5,-401.1065573770493,7.490757760560856e-4,NA,NA,NA,1586,1813.6065573770493,-1.0515541079058255e-13,0.07490757760560855,NA,NA,NA,percent,bootstrap_xy_R500
Actor1,reaction,0.5,0.75,2139,325.3934426229507,0.0014171028708739016,NA,NA,NA,1586,1813.6065573770493,-1.0515541079058255e-13,0.14171028708739017,NA,NA,NA,percent,bootstrap_xy_R500
Actor1,reaction,0.5,0.9,3174,1360.3934426229507,0.0023688001085014855,NA,NA,NA,1586,1813.6065573770493,-1.0515541079058255e-13,0.23688001085014854,NA,NA,NA,percent,bootstrap_xy_R500
Actor1,reaction,0.55,0.1,937.5,-876.1065573770493,4.376783099970807e-4,NA,NA,NA,1586,1813.6065573770493,-1.0515541079058255e-13,0.04376783099970807,NA,NA,NA,percent,bootstrap_xy_R500
Actor1,reaction,0.55,0.25,1107.25,-706.3565573770493,5.464787903937255e-4,NA,NA,NA,1586,1813.6065573770493,-1.0515541079058255e-13,0.05464787903937255,NA,NA,NA,percent,bootstrap_xy_R500
Actor1,reaction,0.55,0.5,1412.5,-401.1065573770493,7.421273714899014e-4,NA,NA,NA,1586,1813.6065573770493,-1.0515541079058255e-13,0.07421273714899014,NA,NA,NA,percent,bootstrap_xy_R500
Actor1,reaction,0.55,0.75,2139,325.3934426229507,0.001207774199225763,NA,NA,NA,1586,1813.6065573770493,-1.0515541079058255e-13,0.1207774199225763,NA,NA,NA,percent,bootstrap_xy_R500
Actor1,reaction,0.55,0.9,3174,1360.3934426229507,0.0018711526805838042,NA,NA,NA,1586,1813.6065573770493,-1.0515541079058255e-13,0.1871152680583804,NA,NA,NA,percent,bootstrap_xy_R500
Actor1,reaction,0.6000000000000001,0.1,937.5,-876.1065573770493,-1.2270123588239447e-4,NA,NA,NA,1586,1813.6065573770493,-1.0515541079058255e-13,-0.012270123588239448,NA,NA,NA,percent,bootstrap_xy_R500
Actor1,reaction,0.6000000000000001,0.25,1107.25,-706.3565573770493,1.2639759333355578e-5,NA,NA,NA,1586,1813.6065573770493,-1.0515541079058255e-13,0.0012639759333355578,NA,NA,NA,percent,bootstrap_xy_R500
Actor1,reaction,0.6000000000000001,0.5,1412.5,-401.1065573770493,2.560143619230918e-4,NA,NA,NA,1586,1813.6065573770493,-1.0515541079058255e-13,0.02560143619230918,NA,NA,NA,percent,bootstrap_xy_R500
Actor1,reaction,0.6000000000000001,0.75,2139,325.3934426229507,8.352499025666409e-4,NA,NA,NA,1586,1813.6065573770493,-1.0515541079058255e-13,0.0835249902566641,NA,NA,NA,percent,bootstrap_xy_R500
Actor1,reaction,0.6000000000000001,0.9,3174,1360.3934426229507,0.001660451257784911,NA,NA,NA,1586,1813.6065573770493,-1.0515541079058255e-13,0.1660451257784911,NA,NA,NA,percent,bootstrap_xy_R500
Actor1,reaction,0.6500000000000001,0.1,937.5,-876.1065573770493,7.695564382797938e-4,NA,NA,NA,1586,1813.6065573770493,-1.0515541079058255e-13,0.07695564382797937,NA,NA,NA,percent,bootstrap_xy_R500
Actor1,reaction,0.6500000000000001,0.25,1107.25,-706.3565573770493,7.6600015771414e-4,NA,NA,NA,1586,1813.6065573770493,-1.0515541079058255e-13,0.076600015771414,NA,NA,NA,percent,bootstrap_xy_R500
Actor1,reaction,0.6500000000000001,0.5,1412.5,-401.1065573770493,7.596051377278907e-4,NA,NA,NA,1586,1813.6065573770493,-1.0515541079058255e-13,0.07596051377278908,NA,NA,NA,percent,bootstrap_xy_R500
Actor1,reaction,0.6500000000000001,0.75,2139,325.3934426229507,7.443848854100854e-4,NA,NA,NA,1586,1813.6065573770493,-1.0515541079058255e-13,0.07443848854100854,NA,NA,NA,percent,bootstrap_xy_R500
Actor1,reaction,0.6500000000000001,0.9,3174,1360.3934426229507,7.227015252601494e-4,NA,NA,NA,1586,1813.6065573770493,-1.0515541079058255e-13,0.07227015252601493,NA,NA,NA,percent,bootstrap_xy_R500
Actor1,reaction,0.7000000000000001,0.1,937.5,-876.1065573770493,0.00160712633189662,NA,NA,NA,1586,1813.6065573770493,-1.0515541079058255e-13,0.160712633189662,NA,NA,NA,percent,bootstrap_xy_R500
Actor1,reaction,0.7000000000000001,0.25,1107.25,-706.3565573770493,0.0016224538602190026,NA,NA,NA,1586,1813.6065573770493,-1.0515541079058255e-13,0.16224538602190025,NA,NA,NA,percent,bootstrap_xy_R500
Actor1,reaction,0.7000000000000001,0.5,1412.5,-401.1065573770493,0.0016500163227839944,NA,NA,NA,1586,1813.6065573770493,-1.0515541079058255e-13,0.16500163227839945,NA,NA,NA,percent,bootstrap_xy_R500
Actor1,reaction,0.7000000000000001,0.75,2139,325.3934426229507,0.001715615435162263,NA,NA,NA,1586,1813.6065573770493,-1.0515541079058255e-13,0.1715615435162263,NA,NA,NA,percent,bootstrap_xy_R500
Actor1,reaction,0.7000000000000001,0.9,3174,1360.3934426229507,0.0018090704679379107,NA,NA,NA,1586,1813.6065573770493,-1.0515541079058255e-13,0.18090704679379108,NA,NA,NA,percent,bootstrap_xy_R500
Actor1,reaction,0.7500000000000001,0.1,937.5,-876.1065573770493,0.0013383309696704973,NA,NA,NA,1586,1813.6065573770493,-1.0515541079058255e-13,0.13383309696704973,NA,NA,NA,percent,bootstrap_xy_R500
Actor1,reaction,0.7500000000000001,0.25,1107.25,-706.3565573770493,0.0013599951999119374,NA,NA,NA,1586,1813.6065573770493,-1.0515541079058255e-13,0.13599951999119375,NA,NA,NA,percent,bootstrap_xy_R500
Actor1,reaction,0.7500000000000001,0.5,1412.5,-401.1065573770493,0.0013989525270471338,NA,NA,NA,1586,1813.6065573770493,-1.0515541079058255e-13,0.13989525270471337,NA,NA,NA,percent,bootstrap_xy_R500
Actor1,reaction,0.7500000000000001,0.75,2139,325.3934426229507,0.0014916716037505578,NA,NA,NA,1586,1813.6065573770493,-1.0515541079058255e-13,0.14916716037505579,NA,NA,NA,percent,bootstrap_xy_R500
Actor1,reaction,0.7500000000000001,0.9,3174,1360.3934426229507,0.0016237627866659658,NA,NA,NA,1586,1813.6065573770493,-1.0515541079058255e-13,0.1623762786665966,NA,NA,NA,percent,bootstrap_xy_R500
Actor1,reaction,0.8,0.1,937.5,-876.1065573770493,0.0013340101755625255,NA,NA,NA,1586,1813.6065573770493,-1.0515541079058255e-13,0.13340101755625255,NA,NA,NA,percent,bootstrap_xy_R500
Actor1,reaction,0.8,0.25,1107.25,-706.3565573770493,0.001403345839964971,NA,NA,NA,1586,1813.6065573770493,-1.0515541079058255e-13,0.1403345839964971,NA,NA,NA,percent,bootstrap_xy_R500
Actor1,reaction,0.8,0.5,1412.5,-401.1065573770493,0.0015280274986326971,NA,NA,NA,1586,1813.6065573770493,-1.0515541079058255e-13,0.15280274986326972,NA,NA,NA,percent,bootstrap_xy_R500
Actor1,reaction,0.8,0.75,2139,325.3934426229507,0.0018247718885494963,NA,NA,NA,1586,1813.6065573770493,-1.0515541079058255e-13,0.18247718885494962,NA,NA,NA,percent,bootstrap_xy_R500
Actor1,reaction,0.8,0.9,3174,1360.3934426229507,0.002247525424081344,NA,NA,NA,1586,1813.6065573770493,-1.0515541079058255e-13,0.22475254240813441,NA,NA,NA,percent,bootstrap_xy_R500
Actor1,reaction,0.8500000000000001,0.1,937.5,-876.1065573770493,0.0024773690411988816,NA,NA,NA,1586,1813.6065573770493,-1.0515541079058255e-13,0.24773690411988816,NA,NA,NA,percent,bootstrap_xy_R500
Actor1,reaction,0.8500000000000001,0.25,1107.25,-706.3565573770493,0.0025190914758178935,NA,NA,NA,1586,1813.6065573770493,-1.0515541079058255e-13,0.25190914758178934,NA,NA,NA,percent,bootstrap_xy_R500
Actor1,reaction,0.8500000000000001,0.5,1412.5,-401.1065573770493,0.002594118121870638,NA,NA,NA,1586,1813.6065573770493,-1.0515541079058255e-13,0.2594118121870638,NA,NA,NA,percent,bootstrap_xy_R500
Actor1,reaction,0.8500000000000001,0.75,2139,325.3934426229507,0.0027726827684138606,NA,NA,NA,1586,1813.6065573770493,-1.0515541079058255e-13,0.27726827684138605,NA,NA,NA,percent,bootstrap_xy_R500
Actor1,reaction,0.8500000000000001,0.9,3174,1360.3934426229507,0.0030270728705091613,NA,NA,NA,1586,1813.6065573770493,-1.0515541079058255e-13,0.30270728705091615,NA,NA,NA,percent,bootstrap_xy_R500
Actor1,reaction,0.9000000000000001,0.1,937.5,-876.1065573770493,0.0014493800753914493,NA,NA,NA,1586,1813.6065573770493,-1.0515541079058255e-13,0.14493800753914493,NA,NA,NA,percent,bootstrap_xy_R500
Actor1,reaction,0.9000000000000001,0.25,1107.25,-706.3565573770493,0.0015653147546720446,NA,NA,NA,1586,1813.6065573770493,-1.0515541079058255e-13,0.15653147546720447,NA,NA,NA,percent,bootstrap_xy_R500
Actor1,reaction,0.9000000000000001,0.5,1412.5,-401.1065573770493,0.001773792285454971,NA,NA,NA,1586,1813.6065573770493,-1.0515541079058255e-13,0.1773792285454971,NA,NA,NA,percent,bootstrap_xy_R500
Actor1,reaction,0.9000000000000001,0.75,2139,325.3934426229507,0.002269972223583705,NA,NA,NA,1586,1813.6065573770493,-1.0515541079058255e-13,0.22699722235837047,NA,NA,NA,percent,bootstrap_xy_R500
Actor1,reaction,0.9000000000000001,0.9,3174,1360.3934426229507,0.0029768493549852735,NA,NA,NA,1586,1813.6065573770493,-1.0515541079058255e-13,0.29768493549852737,NA,NA,NA,percent,bootstrap_xy_R500
Actor1,reaction,0.95,0.1,937.5,-876.1065573770493,0.001571082804341296,NA,NA,NA,1586,1813.6065573770493,-1.0515541079058255e-13,0.15710828043412958,NA,NA,NA,percent,bootstrap_xy_R500
Actor1,reaction,0.95,0.25,1107.25,-706.3565573770493,0.0016941613321408864,NA,NA,NA,1586,1813.6065573770493,-1.0515541079058255e-13,0.16941613321408863,NA,NA,NA,percent,bootstrap_xy_R500
Actor1,reaction,0.95,0.5,1412.5,-401.1065573770493,0.001915485164899797,NA,NA,NA,1586,1813.6065573770493,-1.0515541079058255e-13,0.1915485164899797,NA,NA,NA,percent,bootstrap_xy_R500
Actor1,reaction,0.95,0.75,2139,325.3934426229507,0.0024422395121540094,NA,NA,NA,1586,1813.6065573770493,-1.0515541079058255e-13,0.24422395121540094,NA,NA,NA,percent,bootstrap_xy_R500
Actor1,reaction,0.95,0.9,3174,1360.3934426229507,0.003192674129370954,NA,NA,NA,1586,1813.6065573770493,-1.0515541079058255e-13,0.3192674129370954,NA,NA,NA,percent,bootstrap_xy_R500
Actor1,prediction,0.05,0.1,937.4000000000001,-876.6946372239747,-2.2641939587561436e-4,NA,NA,NA,1585,1814.0946372239748,-6.240588137383848e-14,-0.022641939587561437,NA,NA,NA,percent,bootstrap_xy_R500
Actor1,prediction,0.05,0.25,1108,-706.0946372239748,-5.983032825360407e-5,NA,NA,NA,1585,1814.0946372239748,-6.240588137383848e-14,-0.005983032825360407,NA,NA,NA,percent,bootstrap_xy_R500
Actor1,prediction,0.05,0.5,1413,-401.0946372239748,2.3799889580684825e-4,NA,NA,NA,1585,1814.0946372239748,-6.240588137383848e-14,0.023799889580684824,NA,NA,NA,percent,bootstrap_xy_R500
Actor1,prediction,0.05,0.75,2139,324.9053627760252,9.469300979966463e-4,NA,NA,NA,1585,1814.0946372239748,-6.240588137383848e-14,0.09469300979966463,NA,NA,NA,percent,bootstrap_xy_R500
Actor1,prediction,0.05,0.9,3174.800000000001,1360.7053627760263,0.001958377672691128,NA,NA,NA,1585,1814.0946372239748,-6.240588137383848e-14,0.19583776726911278,NA,NA,NA,percent,bootstrap_xy_R500
Actor1,prediction,0.1,0.1,937.4000000000001,-876.6946372239747,0.001200906582808821,NA,NA,NA,1585,1814.0946372239748,-6.240588137383848e-14,0.1200906582808821,NA,NA,NA,percent,bootstrap_xy_R500
Actor1,prediction,0.1,0.25,1108,-706.0946372239748,0.001114329205278865,NA,NA,NA,1585,1814.0946372239748,-6.240588137383848e-14,0.11143292052788649,NA,NA,NA,percent,bootstrap_xy_R500
Actor1,prediction,0.1,0.5,1413,-401.0946372239748,9.595454998472318e-4,NA,NA,NA,1585,1814.0946372239748,-6.240588137383848e-14,0.09595454998472318,NA,NA,NA,percent,bootstrap_xy_R500
Actor1,prediction,0.1,0.75,2139,324.9053627760252,5.911095321640653e-4,NA,NA,NA,1585,1814.0946372239748,-6.240588137383848e-14,0.05911095321640653,NA,NA,NA,percent,bootstrap_xy_R500
Actor1,prediction,0.1,0.9,3174.800000000001,1360.7053627760263,6.545391876706247e-5,NA,NA,NA,1585,1814.0946372239748,-6.240588137383848e-14,0.006545391876706247,NA,NA,NA,percent,bootstrap_xy_R500
Actor1,prediction,0.15000000000000002,0.1,937.4000000000001,-876.6946372239747,3.0520710873037127e-4,NA,NA,NA,1585,1814.0946372239748,-6.240588137383848e-14,0.030520710873037128,NA,NA,NA,percent,bootstrap_xy_R500
Actor1,prediction,0.15000000000000002,0.25,1108,-706.0946372239748,1.9591061950822688e-4,NA,NA,NA,1585,1814.0946372239748,-6.240588137383848e-14,0.019591061950822688,NA,NA,NA,percent,bootstrap_xy_R500
Actor1,prediction,0.15000000000000002,0.5,1413,-401.0946372239748,5.095104065033491e-7,NA,NA,NA,1585,1814.0946372239748,-6.240588137383848e-14,5.095104065033491e-5,NA,NA,NA,percent,bootstrap_xy_R500
Actor1,prediction,0.15000000000000002,0.75,2139,324.9053627760252,-4.6460919519300916e-4,NA,NA,NA,1585,1814.0946372239748,-6.240588137383848e-14,-0.04646091951930092,NA,NA,NA,percent,bootstrap_xy_R500
Actor1,prediction,0.15000000000000002,0.9,3174.800000000001,1360.7053627760263,-0.0011282041748899452,NA,NA,NA,1585,1814.0946372239748,-6.240588137383848e-14,-0.11282041748899452,NA,NA,NA,percent,bootstrap_xy_R500
Actor1,prediction,0.2,0.1,937.4000000000001,-876.6946372239747,9.388596807168557e-5,NA,NA,NA,1585,1814.0946372239748,-6.240588137383848e-14,0.009388596807168557,NA,NA,NA,percent,bootstrap_xy_R500
Actor1,prediction,0.2,0.25,1108,-706.0946372239748,-2.6675784159294774e-5,NA,NA,NA,1585,1814.0946372239748,-6.240588137383848e-14,-0.0026675784159294774,NA,NA,NA,percent,bootstrap_xy_R500
Actor1,prediction,0.2,0.5,1413,-401.0946372239748,-2.4221701763203242e-4,NA,NA,NA,1585,1814.0946372239748,-6.240588137383848e-14,-0.024221701763203242,NA,NA,NA,percent,bootstrap_xy_R500
Actor1,prediction,0.2,0.75,2139,324.9053627760252,-7.552758225540243e-4,NA,NA,NA,1585,1814.0946372239748,-6.240588137383848e-14,-0.07552758225540243,NA,NA,NA,percent,bootstrap_xy_R500
Actor1,prediction,0.2,0.9,3174.800000000001,1360.7053627760263,-0.0014872679852788173,NA,NA,NA,1585,1814.0946372239748,-6.240588137383848e-14,-0.14872679852788173,NA,NA,NA,percent,bootstrap_xy_R500
Actor1,prediction,0.25,0.1,937.4000000000001,-876.6946372239747,-2.6953993604214338e-5,NA,NA,NA,1585,1814.0946372239748,-6.240588137383848e-14,-0.002695399360421434,NA,NA,NA,percent,bootstrap_xy_R500
Actor1,prediction,0.25,0.25,1108,-706.0946372239748,-1.1405590140489848e-4,NA,NA,NA,1585,1814.0946372239748,-6.240588137383848e-14,-0.011405590140489849,NA,NA,NA,percent,bootstrap_xy_R500
Actor1,prediction,0.25,0.5,1413,-401.0946372239748,-2.6977736611303845e-4,NA,NA,NA,1585,1814.0946372239748,-6.240588137383848e-14,-0.026977736611303843,NA,NA,NA,percent,bootstrap_xy_R500
Actor1,prediction,0.25,0.75,2139,324.9053627760252,-6.404455083363487e-4,NA,NA,NA,1585,1814.0946372239748,-6.240588137383848e-14,-0.06404455083363488,NA,NA,NA,percent,bootstrap_xy_R500
Actor1,prediction,0.25,0.9,3174.800000000001,1360.7053627760263,-0.00116928581372878,NA,NA,NA,1585,1814.0946372239748,-6.240588137383848e-14,-0.11692858137287801,NA,NA,NA,percent,bootstrap_xy_R500
Actor1,prediction,0.3,0.1,937.4000000000001,-876.6946372239747,-8.993005254595435e-5,NA,NA,NA,1585,1814.0946372239748,-6.240588137383848e-14,-0.008993005254595435,NA,NA,NA,percent,bootstrap_xy_R500
Actor1,prediction,0.3,0.25,1108,-706.0946372239748,-1.9254517790025797e-4,NA,NA,NA,1585,1814.0946372239748,-6.240588137383848e-14,-0.019254517790025797,NA,NA,NA,percent,bootstrap_xy_R500
Actor1,prediction,0.3,0.5,1413,-401.0946372239748,-3.760012929826883e-4,NA,NA,NA,1585,1814.0946372239748,-6.240588137383848e-14,-0.03760012929826883,NA,NA,NA,percent,bootstrap_xy_R500
Actor1,prediction,0.3,0.75,2139,324.9053627760252,-8.126869964248011e-4,NA,NA,NA,1585,1814.0946372239748,-6.240588137383848e-14,-0.08126869964248011,NA,NA,NA,percent,bootstrap_xy_R500
Actor1,prediction,0.3,0.9,3174.800000000001,1360.7053627760263,-0.001435715993153921,NA,NA,NA,1585,1814.0946372239748,-6.240588137383848e-14,-0.1435715993153921,NA,NA,NA,percent,bootstrap_xy_R500
Actor1,prediction,0.35000000000000003,0.1,937.4000000000001,-876.6946372239747,6.020196874956744e-4,NA,NA,NA,1585,1814.0946372239748,-6.240588137383848e-14,0.06020196874956744,NA,NA,NA,percent,bootstrap_xy_R500
Actor1,prediction,0.35000000000000003,0.25,1108,-706.0946372239748,4.4006704911106974e-4,NA,NA,NA,1585,1814.0946372239748,-6.240588137383848e-14,0.044006704911106975,NA,NA,NA,percent,bootstrap_xy_R500
Actor1,prediction,0.35000000000000003,0.5,1413,-401.0946372239748,1.505268691151467e-4,NA,NA,NA,1585,1814.0946372239748,-6.240588137383848e-14,0.015052686911514668,NA,NA,NA,percent,bootstrap_xy_R500
Actor1,prediction,0.35000000000000003,0.75,2139,324.9053627760252,-5.386736904817061e-4,NA,NA,NA,1585,1814.0946372239748,-6.240588137383848e-14,-0.05386736904817061,NA,NA,NA,percent,bootstrap_xy_R500
Actor1,prediction,0.35000000000000003,0.9,3174.800000000001,1360.7053627760263,-0.001521971127989173,NA,NA,NA,1585,1814.0946372239748,-6.240588137383848e-14,-0.15219711279891732,NA,NA,NA,percent,bootstrap_xy_R500
Actor1,prediction,0.4,0.1,937.4000000000001,-876.6946372239747,3.845572038368055e-4,NA,NA,NA,1585,1814.0946372239748,-6.240588137383848e-14,0.03845572038368055,NA,NA,NA,percent,bootstrap_xy_R500
Actor1,prediction,0.4,0.25,1108,-706.0946372239748,2.4151180516747406e-4,NA,NA,NA,1585,1814.0946372239748,-6.240588137383848e-14,0.024151180516747407,NA,NA,NA,percent,bootstrap_xy_R500
Actor1,prediction,0.4,0.5,1413,-401.0946372239748,-1.4225865372655675e-5,NA,NA,NA,1585,1814.0946372239748,-6.240588137383848e-14,-0.0014225865372655675,NA,NA,NA,percent,bootstrap_xy_R500
Actor1,prediction,0.4,0.75,2139,324.9053627760252,-6.229653696747349e-4,NA,NA,NA,1585,1814.0946372239748,-6.240588137383848e-14,-0.06229653696747349,NA,NA,NA,percent,bootstrap_xy_R500
Actor1,prediction,0.4,0.9,3174.800000000001,1360.7053627760263,-0.0014914672685123304,NA,NA,NA,1585,1814.0946372239748,-6.240588137383848e-14,-0.14914672685123304,NA,NA,NA,percent,bootstrap_xy_R500
Actor1,prediction,0.45,0.1,937.4000000000001,-876.6946372239747,9.76079386262447e-4,NA,NA,NA,1585,1814.0946372239748,-6.240588137383848e-14,0.0976079386262447,NA,NA,NA,percent,bootstrap_xy_R500
Actor1,prediction,0.45,0.25,1108,-706.0946372239748,7.955737230779646e-4,NA,NA,NA,1585,1814.0946372239748,-6.240588137383848e-14,0.07955737230779647,NA,NA,NA,percent,bootstrap_xy_R500
Actor1,prediction,0.45,0.5,1413,-401.0946372239748,4.728643017926941e-4,NA,NA,NA,1585,1814.0946372239748,-6.240588137383848e-14,0.04728643017926941,NA,NA,NA,percent,bootstrap_xy_R500
Actor1,prediction,0.45,0.75,2139,324.9053627760252,-2.952899272338841e-4,NA,NA,NA,1585,1814.0946372239748,-6.240588137383848e-14,-0.02952899272338841,NA,NA,NA,percent,bootstrap_xy_R500
Actor1,prediction,0.45,0.9,3174.800000000001,1360.7053627760263,-0.0013912322831921907,NA,NA,NA,1585,1814.0946372239748,-6.240588137383848e-14,-0.13912322831921906,NA,NA,NA,percent,bootstrap_xy_R500
Actor1,prediction,0.5,0.1,937.4000000000001,-876.6946372239747,8.458782273342342e-4,NA,NA,NA,1585,1814.0946372239748,-6.240588137383848e-14,0.08458782273342343,NA,NA,NA,percent,bootstrap_xy_R500
Actor1,prediction,0.5,0.25,1108,-706.0946372239748,7.138468704311403e-4,NA,NA,NA,1585,1814.0946372239748,-6.240588137383848e-14,0.07138468704311403,NA,NA,NA,percent,bootstrap_xy_R500
Actor1,prediction,0.5,0.5,1413,-401.0946372239748,4.778001889807086e-4,NA,NA,NA,1585,1814.0946372239748,-6.240588137383848e-14,0.04778001889807086,NA,NA,NA,percent,bootstrap_xy_R500
Actor1,prediction,0.5,0.75,2139,324.9053627760252,-8.406830522589279e-5,NA,NA,NA,1585,1814.0946372239748,-6.240588137383848e-14,-0.008406830522589278,NA,NA,NA,percent,bootstrap_xy_R500
Actor1,prediction,0.5,0.9,3174.800000000001,1360.7053627760263,-8.856983139024745e-4,NA,NA,NA,1585,1814.0946372239748,-6.240588137383848e-14,-0.08856983139024745,NA,NA,NA,percent,bootstrap_xy_R500
Actor1,prediction,0.55,0.1,937.4000000000001,-876.6946372239747,0.0011614121294872264,NA,NA,NA,1585,1814.0946372239748,-6.240588137383848e-14,0.11614121294872264,NA,NA,NA,percent,bootstrap_xy_R500
Actor1,prediction,0.55,0.25,1108,-706.0946372239748,0.0010190851899655197,NA,NA,NA,1585,1814.0946372239748,-6.240588137383848e-14,0.10190851899655197,NA,NA,NA,percent,bootstrap_xy_R500
Actor1,prediction,0.55,0.5,1413,-401.0946372239748,7.646319862485177e-4,NA,NA,NA,1585,1814.0946372239748,-6.240588137383848e-14,0.07646319862485178,NA,NA,NA,percent,bootstrap_xy_R500
Actor1,prediction,0.55,0.75,2139,324.9053627760252,1.5894993412214593e-4,NA,NA,NA,1585,1814.0946372239748,-6.240588137383848e-14,0.015894993412214592,NA,NA,NA,percent,bootstrap_xy_R500
Actor1,prediction,0.55,0.9,3174.800000000001,1360.7053627760263,-7.05189831156775e-4,NA,NA,NA,1585,1814.0946372239748,-6.240588137383848e-14,-0.0705189831156775,NA,NA,NA,percent,bootstrap_xy_R500
Actor1,prediction,0.6000000000000001,0.1,937.4000000000001,-876.6946372239747,0.0018001475472193937,NA,NA,NA,1585,1814.0946372239748,-6.240588137383848e-14,0.18001475472193937,NA,NA,NA,percent,bootstrap_xy_R500
Actor1,prediction,0.6000000000000001,0.25,1108,-706.0946372239748,0.001631204045986938,NA,NA,NA,1585,1814.0946372239748,-6.240588137383848e-14,0.1631204045986938,NA,NA,NA,percent,bootstrap_xy_R500
Actor1,prediction,0.6000000000000001,0.5,1413,-401.0946372239748,0.0013291655473005426,NA,NA,NA,1585,1814.0946372239748,-6.240588137383848e-14,0.13291655473005426,NA,NA,NA,percent,bootstrap_xy_R500
Actor1,prediction,0.6000000000000001,0.75,2139,324.9053627760252,6.102148914109589e-4,NA,NA,NA,1585,1814.0946372239748,-6.240588137383848e-14,0.06102148914109589,NA,NA,NA,percent,bootstrap_xy_R500
Actor1,prediction,0.6000000000000001,0.9,3174.800000000001,1360.7053627760263,-4.155276559312332e-4,NA,NA,NA,1585,1814.0946372239748,-6.240588137383848e-14,-0.04155276559312332,NA,NA,NA,percent,bootstrap_xy_R500
Actor1,prediction,0.6500000000000001,0.1,937.4000000000001,-876.6946372239747,0.0012150487131955012,NA,NA,NA,1585,1814.0946372239748,-6.240588137383848e-14,0.12150487131955012,NA,NA,NA,percent,bootstrap_xy_R500
Actor1,prediction,0.6500000000000001,0.25,1108,-706.0946372239748,0.0011091163676442937,NA,NA,NA,1585,1814.0946372239748,-6.240588137383848e-14,0.11091163676442937,NA,NA,NA,percent,bootstrap_xy_R500
Actor1,prediction,0.6500000000000001,0.5,1413,-401.0946372239748,9.197297006271877e-4,NA,NA,NA,1585,1814.0946372239748,-6.240588137383848e-14,0.09197297006271876,NA,NA,NA,percent,bootstrap_xy_R500
Actor1,prediction,0.6500000000000001,0.75,2139,324.9053627760252,4.689273391372893e-4,NA,NA,NA,1585,1814.0946372239748,-6.240588137383848e-14,0.046892733913728925,NA,NA,NA,percent,bootstrap_xy_R500
Actor1,prediction,0.6500000000000001,0.9,3174.800000000001,1360.7053627760263,-1.7424220085064082e-4,NA,NA,NA,1585,1814.0946372239748,-6.240588137383848e-14,-0.01742422008506408,NA,NA,NA,percent,bootstrap_xy_R500
Actor1,prediction,0.7000000000000001,0.1,937.4000000000001,-876.6946372239747,0.001605314176075887,NA,NA,NA,1585,1814.0946372239748,-6.240588137383848e-14,0.1605314176075887,NA,NA,NA,percent,bootstrap_xy_R500
Actor1,prediction,0.7000000000000001,0.25,1108,-706.0946372239748,0.0015044613496570443,NA,NA,NA,1585,1814.0946372239748,-6.240588137383848e-14,0.15044613496570444,NA,NA,NA,percent,bootstrap_xy_R500
Actor1,prediction,0.7000000000000001,0.5,1413,-401.0946372239748,0.0013241558862470385,NA,NA,NA,1585,1814.0946372239748,-6.240588137383848e-14,0.13241558862470384,NA,NA,NA,percent,bootstrap_xy_R500
Actor1,prediction,0.7000000000000001,0.75,2139,324.9053627760252,8.94969766785844e-4,NA,NA,NA,1585,1814.0946372239748,-6.240588137383848e-14,0.0894969766785844,NA,NA,NA,percent,bootstrap_xy_R500
Actor1,prediction,0.7000000000000001,0.9,3174.800000000001,1360.7053627760263,2.8264058973638735e-4,NA,NA,NA,1585,1814.0946372239748,-6.240588137383848e-14,0.028264058973638734,NA,NA,NA,percent,bootstrap_xy_R500
Actor1,prediction,0.7500000000000001,0.1,937.4000000000001,-876.6946372239747,0.0019946495157967974,NA,NA,NA,1585,1814.0946372239748,-6.240588137383848e-14,0.19946495157967975,NA,NA,NA,percent,bootstrap_xy_R500
Actor1,prediction,0.7500000000000001,0.25,1108,-706.0946372239748,0.0018785495202452165,NA,NA,NA,1585,1814.0946372239748,-6.240588137383848e-14,0.18785495202452165,NA,NA,NA,percent,bootstrap_xy_R500
Actor1,prediction,0.7500000000000001,0.5,1413,-401.0946372239748,0.0016709850498862941,NA,NA,NA,1585,1814.0946372239748,-6.240588137383848e-14,0.1670985049886294,NA,NA,NA,percent,bootstrap_xy_R500
Actor1,prediction,0.7500000000000001,0.75,2139,324.9053627760252,0.001176913556507351,NA,NA,NA,1585,1814.0946372239748,-6.240588137383848e-14,0.1176913556507351,NA,NA,NA,percent,bootstrap_xy_R500
Actor1,prediction,0.7500000000000001,0.9,3174.800000000001,1360.7053627760263,4.7201100438350803e-4,NA,NA,NA,1585,1814.0946372239748,-6.240588137383848e-14,0.0472011004383508,NA,NA,NA,percent,bootstrap_xy_R500
Actor1,prediction,0.8,0.1,937.4000000000001,-876.6946372239747,0.0020060570022158624,NA,NA,NA,1585,1814.0946372239748,-6.240588137383848e-14,0.20060570022158625,NA,NA,NA,percent,bootstrap_xy_R500
Actor1,prediction,0.8,0.25,1108,-706.0946372239748,0.0018661687017383812,NA,NA,NA,1585,1814.0946372239748,-6.240588137383848e-14,0.18661687017383813,NA,NA,NA,percent,bootstrap_xy_R500
Actor1,prediction,0.8,0.5,1413,-401.0946372239748,0.0016160753157733654,NA,NA,NA,1585,1814.0946372239748,-6.240588137383848e-14,0.16160753157733654,NA,NA,NA,percent,bootstrap_xy_R500
Actor1,prediction,0.8,0.75,2139,324.9053627760252,0.0010207710593451637,NA,NA,NA,1585,1814.0946372239748,-6.240588137383848e-14,0.10207710593451637,NA,NA,NA,percent,bootstrap_xy_R500
Actor1,prediction,0.8,0.9,3174.800000000001,1360.7053627760263,1.7143752104167615e-4,NA,NA,NA,1585,1814.0946372239748,-6.240588137383848e-14,0.017143752104167614,NA,NA,NA,percent,bootstrap_xy_R500
Actor1,prediction,0.8500000000000001,0.1,937.4000000000001,-876.6946372239747,0.0030429044383342803,NA,NA,NA,1585,1814.0946372239748,-6.240588137383848e-14,0.304290443833428,NA,NA,NA,percent,bootstrap_xy_R500
Actor1,prediction,0.8500000000000001,0.25,1108,-706.0946372239748,0.002775410762943129,NA,NA,NA,1585,1814.0946372239748,-6.240588137383848e-14,0.2775410762943129,NA,NA,NA,percent,bootstrap_xy_R500
Actor1,prediction,0.8500000000000001,0.5,1413,-401.0946372239748,0.002297183500373954,NA,NA,NA,1585,1814.0946372239748,-6.240588137383848e-14,0.2297183500373954,NA,NA,NA,percent,bootstrap_xy_R500
Actor1,prediction,0.8500000000000001,0.75,2139,324.9053627760252,0.0011588458196355247,NA,NA,NA,1585,1814.0946372239748,-6.240588137383848e-14,0.11588458196355247,NA,NA,NA,percent,bootstrap_xy_R500
Actor1,prediction,0.8500000000000001,0.9,3174.800000000001,1360.7053627760263,-4.6524532321415356e-4,NA,NA,NA,1585,1814.0946372239748,-6.240588137383848e-14,-0.04652453232141535,NA,NA,NA,percent,bootstrap_xy_R500
Actor1,prediction,0.9000000000000001,0.1,937.4000000000001,-876.6946372239747,0.0025556128623767547,NA,NA,NA,1585,1814.0946372239748,-6.240588137383848e-14,0.2555612862376755,NA,NA,NA,percent,bootstrap_xy_R500
Actor1,prediction,0.9000000000000001,0.25,1108,-706.0946372239748,0.002348901978251443,NA,NA,NA,1585,1814.0946372239748,-6.240588137383848e-14,0.2348901978251443,NA,NA,NA,percent,bootstrap_xy_R500
Actor1,prediction,0.9000000000000001,0.5,1413,-401.0946372239748,0.0019793426602079485,NA,NA,NA,1585,1814.0946372239748,-6.240588137383848e-14,0.19793426602079484,NA,NA,NA,percent,bootstrap_xy_R500
Actor1,prediction,0.9000000000000001,0.75,2139,324.9053627760252,0.001099670316274909,NA,NA,NA,1585,1814.0946372239748,-6.240588137383848e-14,0.10996703162749089,NA,NA,NA,percent,bootstrap_xy_R500
Actor1,prediction,0.9000000000000001,0.9,3174.800000000001,1360.7053627760263,-1.5537736119870414e-4,NA,NA,NA,1585,1814.0946372239748,-6.240588137383848e-14,-0.015537736119870414,NA,NA,NA,percent,bootstrap_xy_R500
Actor1,prediction,0.95,0.1,937.4000000000001,-876.6946372239747,0.0015017314408639379,NA,NA,NA,1585,1814.0946372239748,-6.240588137383848e-14,0.1501731440863938,NA,NA,NA,percent,bootstrap_xy_R500
Actor1,prediction,0.95,0.25,1108,-706.0946372239748,0.001333167845394495,NA,NA,NA,1585,1814.0946372239748,-6.240588137383848e-14,0.1333167845394495,NA,NA,NA,percent,bootstrap_xy_R500
Actor1,prediction,0.95,0.5,1413,-401.0946372239748,0.0010318085451706959,NA,NA,NA,1585,1814.0946372239748,-6.240588137383848e-14,0.10318085451706958,NA,NA,NA,percent,bootstrap_xy_R500
Actor1,prediction,0.95,0.75,2139,324.9053627760252,3.1447460431011185e-4,NA,NA,NA,1585,1814.0946372239748,-6.240588137383848e-14,0.03144746043101118,NA,NA,NA,percent,bootstrap_xy_R500
Actor1,prediction,0.95,0.9,3174.800000000001,1360.7053627760263,-7.089613405154993e-4,NA,NA,NA,1585,1814.0946372239748,-6.240588137383848e-14,-0.07089613405154993,NA,NA,NA,percent,bootstrap_xy_R500
Actor2,reaction,0.05,0.1,631,-669.2566204287516,0.0022766607041444587,NA,NA,NA,1586,1300.2566204287516,-1.9735141781947736e-14,0.22766607041444586,NA,NA,NA,percent,bootstrap_xy_R500
Actor2,reaction,0.05,0.25,775,-525.2566204287516,0.0021128261515405687,NA,NA,NA,1586,1300.2566204287516,-1.9735141781947736e-14,0.21128261515405686,NA,NA,NA,percent,bootstrap_xy_R500
Actor2,reaction,0.05,0.5,1019,-281.2566204287516,0.001835217604072866,NA,NA,NA,1586,1300.2566204287516,-1.9735141781947736e-14,0.1835217604072866,NA,NA,NA,percent,bootstrap_xy_R500
Actor2,reaction,0.05,0.75,1520,219.7433795712484,0.0012652098898051649,NA,NA,NA,1586,1300.2566204287516,-1.9735141781947736e-14,0.12652098898051647,NA,NA,NA,percent,bootstrap_xy_R500
Actor2,reaction,0.05,0.9,2311,1010.7433795712484,3.652575904324073e-4,NA,NA,NA,1586,1300.2566204287516,-1.9735141781947736e-14,0.03652575904324073,NA,NA,NA,percent,bootstrap_xy_R500
Actor2,reaction,0.1,0.1,631,-669.2566204287516,8.384912120766054e-4,NA,NA,NA,1586,1300.2566204287516,-1.9735141781947736e-14,0.08384912120766054,NA,NA,NA,percent,bootstrap_xy_R500
Actor2,reaction,0.1,0.25,775,-525.2566204287516,0.00088642421075970485,NA,NA,NA,1586,1300.2566204287516,-1.9735141781947736e-14,0.08864242107597048,NA,NA,NA,percent,bootstrap_xy_R500
Actor2,reaction,0.1,0.5,1019,-281.2566204287516,9.676440140838457e-4,NA,NA,NA,1586,1300.2566204287516,-1.9735141781947736e-14,0.09676440140838456,NA,NA,NA,percent,bootstrap_xy_R500
Actor2,reaction,0.1,0.75,1520,219.7433795712484,0.0011344109053354626,NA,NA,NA,1586,1300.2566204287516,-1.9735141781947736e-14,0.11344109053354626,NA,NA,NA,percent,bootstrap_xy_R500
Actor2,reaction,0.1,0.9,2311,1010.7433795712484,0.0013977095300460995,NA,NA,NA,1586,1300.2566204287516,-1.9735141781947736e-14,0.13977095300460995,NA,NA,NA,percent,bootstrap_xy_R500
Actor2,reaction,0.15000000000000002,0.1,631,-669.2566204287516,5.87452282723838e-4,NA,NA,NA,1586,1300.2566204287516,-1.9735141781947736e-14,0.0587452282723838,NA,NA,NA,percent,bootstrap_xy_R500
Actor2,reaction,0.15000000000000002,0.25,775,-525.2566204287516,7.03694566335323e-4,NA,NA,NA,1586,1300.2566204287516,-1.9735141781947736e-14,0.07036945663353229,NA,NA,NA,percent,bootstrap_xy_R500
Actor2,reaction,0.15000000000000002,0.5,1019,-281.2566204287516,9.006606580103393e-4,NA,NA,NA,1586,1300.2566204287516,-1.9735141781947736e-14,0.09006606580103393,NA,NA,NA,percent,bootstrap_xy_R500
Actor2,reaction,0.15000000000000002,0.75,1520,219.7433795712484,0.001305086936408631,NA,NA,NA,1586,1300.2566204287516,-1.9735141781947736e-14,0.1305086936408631,NA,NA,NA,percent,bootstrap_xy_R500
Actor2,reaction,0.15000000000000002,0.9,2311,1010.7433795712484,0.0019436122581911633,NA,NA,NA,1586,1300.2566204287516,-1.9735141781947736e-14,0.19436122581911633,NA,NA,NA,percent,bootstrap_xy_R500
Actor2,reaction,0.2,0.1,631,-669.2566204287516,-6.531926178796705e-5,NA,NA,NA,1586,1300.2566204287516,-1.9735141781947736e-14,-0.006531926178796705,NA,NA,NA,percent,bootstrap_xy_R500
Actor2,reaction,0.2,0.25,775,-525.2566204287516,3.3064408527116616e-5,NA,NA,NA,1586,1300.2566204287516,-1.9735141781947736e-14,0.0033064408527116616,NA,NA,NA,percent,bootstrap_xy_R500
Actor2,reaction,0.2,0.5,1019,-281.2566204287516,1.997700721165639e-4,NA,NA,NA,1586,1300.2566204287516,-1.9735141781947736e-14,0.019977007211656392,NA,NA,NA,percent,bootstrap_xy_R500
Actor2,reaction,0.2,0.75,1520,219.7433795712484,5.420632584211258e-4,NA,NA,NA,1586,1300.2566204287516,-1.9735141781947736e-14,0.05420632584211258,NA,NA,NA,percent,bootstrap_xy_R500
Actor2,reaction,0.2,0.9,2311,1010.7433795712484,0.0010824902252213422,NA,NA,NA,1586,1300.2566204287516,-1.9735141781947736e-14,0.10824902252213423,NA,NA,NA,percent,bootstrap_xy_R500
Actor2,reaction,0.25,0.1,631,-669.2566204287516,-1.5863121316707438e-4,NA,NA,NA,1586,1300.2566204287516,-1.9735141781947736e-14,-0.01586312131670744,NA,NA,NA,percent,bootstrap_xy_R500
Actor2,reaction,0.25,0.25,775,-525.2566204287516,-3.8420731173669734e-6,NA,NA,NA,1586,1300.2566204287516,-1.9735141781947736e-14,-3.8420731173669734e-4,NA,NA,NA,percent,bootstrap_xy_R500
Actor2,reaction,0.25,0.5,1019,-281.2566204287516,2.5843952530019284e-4,NA,NA,NA,1586,1300.2566204287516,-1.9735141781947736e-14,0.025843952530019285,NA,NA,NA,percent,bootstrap_xy_R500
Actor2,reaction,0.25,0.75,1520,219.7433795712484,7.969767417231332e-4,NA,NA,NA,1586,1300.2566204287516,-1.9735141781947736e-14,0.07969767417231333,NA,NA,NA,percent,bootstrap_xy_R500
Actor2,reaction,0.25,0.9,2311,1010.7433795712484,0.0016472420874128456,NA,NA,NA,1586,1300.2566204287516,-1.9735141781947736e-14,0.16472420874128454,NA,NA,NA,percent,bootstrap_xy_R500
Actor2,reaction,0.3,0.1,631,-669.2566204287516,-5.572063165870906e-4,NA,NA,NA,1586,1300.2566204287516,-1.9735141781947736e-14,-0.05572063165870906,NA,NA,NA,percent,bootstrap_xy_R500
Actor2,reaction,0.3,0.25,775,-525.2566204287516,-3.739594810943398e-4,NA,NA,NA,1586,1300.2566204287516,-1.9735141781947736e-14,-0.03739594810943398,NA,NA,NA,percent,bootstrap_xy_R500
Actor2,reaction,0.3,0.5,1019,-281.2566204287516,-6.345789873162319e-5,NA,NA,NA,1586,1300.2566204287516,-1.9735141781947736e-14,-0.0063457898731623195,NA,NA,NA,percent,bootstrap_xy_R500
Actor2,reaction,0.3,0.75,1520,219.7433795712484,5.740883830869057e-4,NA,NA,NA,1586,1300.2566204287516,-1.9735141781947736e-14,0.05740883830869057,NA,NA,NA,percent,bootstrap_xy_R500
Actor2,reaction,0.3,0.9,2311,1010.7433795712484,0.0015806734308283351,NA,NA,NA,1586,1300.2566204287516,-1.9735141781947736e-14,0.15806734308283352,NA,NA,NA,percent,bootstrap_xy_R500
Actor2,reaction,0.35000000000000003,0.1,631,-669.2566204287516,-8.381457157024433e-4,NA,NA,NA,1586,1300.2566204287516,-1.9735141781947736e-14,-0.08381457157024433,NA,NA,NA,percent,bootstrap_xy_R500
Actor2,reaction,0.35000000000000003,0.25,775,-525.2566204287516,-6.07726705492856e-4,NA,NA,NA,1586,1300.2566204287516,-1.9735141781947736e-14,-0.060772670549285604,NA,NA,NA,percent,bootstrap_xy_R500
Actor2,reaction,0.35000000000000003,0.5,1019,-281.2566204287516,-2.1729449374883317e-4,NA,NA,NA,1586,1300.2566204287516,-1.9735141781947736e-14,-0.021729449374883317,NA,NA,NA,percent,bootstrap_xy_R500
Actor2,reaction,0.35000000000000003,0.75,1520,219.7433795712484,5.843716459386892e-4,NA,NA,NA,1586,1300.2566204287516,-1.9735141781947736e-14,0.058437164593868926,NA,NA,NA,percent,bootstrap_xy_R500
Actor2,reaction,0.35000000000000003,0.9,2311,1010.7433795712484,0.001850076070076075,NA,NA,NA,1586,1300.2566204287516,-1.9735141781947736e-14,0.1850076070076075,NA,NA,NA,percent,bootstrap_xy_R500
Actor2,reaction,0.4,0.1,631,-669.2566204287516,-4.192810447045588e-4,NA,NA,NA,1586,1300.2566204287516,-1.9735141781947736e-14,-0.04192810447045588,NA,NA,NA,percent,bootstrap_xy_R500
Actor2,reaction,0.4,0.25,775,-525.2566204287516,-2.5013910675203627e-4,NA,NA,NA,1586,1300.2566204287516,-1.9735141781947736e-14,-0.025013910675203626,NA,NA,NA,percent,bootstrap_xy_R500
Actor2,reaction,0.4,0.5,1019,-281.2566204287516,3.6462510334182375e-5,NA,NA,NA,1586,1300.2566204287516,-1.9735141781947736e-14,0.0036462510334182375,NA,NA,NA,percent,bootstrap_xy_R500
Actor2,reaction,0.4,0.75,1520,219.7433795712484,6.249355027940003e-4,NA,NA,NA,1586,1300.2566204287516,-1.9735141781947736e-14,0.06249355027940003,NA,NA,NA,percent,bootstrap_xy_R500
Actor2,reaction,0.4,0.9,2311,1010.7433795712484,0.0015540415647415369,NA,NA,NA,1586,1300.2566204287516,-1.9735141781947736e-14,0.15540415647415368,NA,NA,NA,percent,bootstrap_xy_R500
Actor2,reaction,0.45,0.1,631,-669.2566204287516,6.904163520750459e-5,NA,NA,NA,1586,1300.2566204287516,-1.9735141781947736e-14,0.006904163520750459,NA,NA,NA,percent,bootstrap_xy_R500
Actor2,reaction,0.45,0.25,775,-525.2566204287516,2.268481911409044e-4,NA,NA,NA,1586,1300.2566204287516,-1.9735141781947736e-14,0.02268481911409044,NA,NA,NA,percent,bootstrap_xy_R500
Actor2,reaction,0.45,0.5,1019,-281.2566204287516,4.942426331391652e-4,NA,NA,NA,1586,1300.2566204287516,-1.9735141781947736e-14,0.04942426331391652,NA,NA,NA,percent,bootstrap_xy_R500
Actor2,reaction,0.45,0.75,1520,219.7433795712484,0.001043277942324119,NA,NA,NA,1586,1300.2566204287516,-1.9735141781947736e-14,0.1043277942324119,NA,NA,NA,percent,bootstrap_xy_R500
Actor2,reaction,0.45,0.9,2311,1010.7433795712484,0.0019101181210971693,NA,NA,NA,1586,1300.2566204287516,-1.9735141781947736e-14,0.19101181210971693,NA,NA,NA,percent,bootstrap_xy_R500
Actor2,reaction,0.5,0.1,631,-669.2566204287516,5.320483612197259e-4,NA,NA,NA,1586,1300.2566204287516,-1.9735141781947736e-14,0.05320483612197259,NA,NA,NA,percent,bootstrap_xy_R500
Actor2,reaction,0.5,0.25,775,-525.2566204287516,7.180827101103412e-4,NA,NA,NA,1586,1300.2566204287516,-1.9735141781947736e-14,0.07180827101103411,NA,NA,NA,percent,bootstrap_xy_R500
Actor2,reaction,0.5,0.5,1019,-281.2566204287516,0.0010333075790638837,NA,NA,NA,1586,1300.2566204287516,-1.9735141781947736e-14,0.10333075790638836,NA,NA,NA,percent,bootstrap_xy_R500
Actor2,reaction,0.5,0.75,1520,219.7433795712484,0.001680552084579149,NA,NA,NA,1586,1300.2566204287516,-1.9735141781947736e-14,0.16805520845791488,NA,NA,NA,percent,bootstrap_xy_R500
Actor2,reaction,0.5,0.9,2311,1010.7433795712484,0.002702449098276903,NA,NA,NA,1586,1300.2566204287516,-1.9735141781947736e-14,0.27024490982769034,NA,NA,NA,percent,bootstrap_xy_R500
Actor2,reaction,0.55,0.1,631,-669.2566204287516,5.663942536579421e-4,NA,NA,NA,1586,1300.2566204287516,-1.9735141781947736e-14,0.05663942536579421,NA,NA,NA,percent,bootstrap_xy_R500
Actor2,reaction,0.55,0.25,775,-525.2566204287516,6.835849496481229e-4,NA,NA,NA,1586,1300.2566204287516,-1.9735141781947736e-14,0.06835849496481229,NA,NA,NA,percent,bootstrap_xy_R500
Actor2,reaction,0.55,0.5,1019,-281.2566204287516,8.821580734092626e-4,NA,NA,NA,1586,1300.2566204287516,-1.9735141781947736e-14,0.08821580734092625,NA,NA,NA,percent,bootstrap_xy_R500
Actor2,reaction,0.55,0.75,1520,219.7433795712484,0.0012898840365417666,NA,NA,NA,1586,1300.2566204287516,-1.9735141781947736e-14,0.12898840365417666,NA,NA,NA,percent,bootstrap_xy_R500
Actor2,reaction,0.55,0.9,2311,1010.7433795712484,0.0019336190402100511,NA,NA,NA,1586,1300.2566204287516,-1.9735141781947736e-14,0.19336190402100512,NA,NA,NA,percent,bootstrap_xy_R500
Actor2,reaction,0.6000000000000001,0.1,631,-669.2566204287516,4.5075207992319557e-4,NA,NA,NA,1586,1300.2566204287516,-1.9735141781947736e-14,0.04507520799231956,NA,NA,NA,percent,bootstrap_xy_R500
Actor2,reaction,0.6000000000000001,0.25,775,-525.2566204287516,5.634520966980873e-4,NA,NA,NA,1586,1300.2566204287516,-1.9735141781947736e-14,0.056345209669808737,NA,NA,NA,percent,bootstrap_xy_R500
Actor2,reaction,0.6000000000000001,0.5,1019,-281.2566204287516,7.544160140110985e-4,NA,NA,NA,1586,1300.2566204287516,-1.9735141781947736e-14,0.07544160140110985,NA,NA,NA,percent,bootstrap_xy_R500
Actor2,reaction,0.6000000000000001,0.75,1520,219.7433795712484,0.0011465181557070764,NA,NA,NA,1586,1300.2566204287516,-1.9735141781947736e-14,0.11465181557070764,NA,NA,NA,percent,bootstrap_xy_R500
Actor2,reaction,0.6000000000000001,0.9,2311,1010.7433795712484,0.0017655856089636,NA,NA,NA,1586,1300.2566204287516,-1.9735141781947736e-14,0.17655856089636002,NA,NA,NA,percent,bootstrap_xy_R500
Actor2,reaction,0.6500000000000001,0.1,631,-669.2566204287516,4.0975850313793765e-4,NA,NA,NA,1586,1300.2566204287516,-1.9735141781947736e-14,0.04097585031379376,NA,NA,NA,percent,bootstrap_xy_R500
Actor2,reaction,0.6500000000000001,0.25,775,-525.2566204287516,5.457101504818603e-4,NA,NA,NA,1586,1300.2566204287516,-1.9735141781947736e-14,0.05457101504818603,NA,NA,NA,percent,bootstrap_xy_R500
Actor2,reaction,0.6500000000000001,0.5,1019,-281.2566204287516,7.760726640368403e-4,NA,NA,NA,1586,1300.2566204287516,-1.9735141781947736e-14,0.07760726640368404,NA,NA,NA,percent,bootstrap_xy_R500
Actor2,reaction,0.6500000000000001,0.75,1520,219.7433795712484,0.0012490711037542379,NA,NA,NA,1586,1300.2566204287516,-1.9735141781947736e-14,0.12490711037542379,NA,NA,NA,percent,bootstrap_xy_R500
Actor2,reaction,0.6500000000000001,0.9,2311,1010.7433795712484,0.0019958610554837017,NA,NA,NA,1586,1300.2566204287516,-1.9735141781947736e-14,0.19958610554837017,NA,NA,NA,percent,bootstrap_xy_R500
Actor2,reaction,0.7000000000000001,0.1,631,-669.2566204287516,0.001072135360900506,NA,NA,NA,1586,1300.2566204287516,-1.9735141781947736e-14,0.1072135360900506,NA,NA,NA,percent,bootstrap_xy_R500
Actor2,reaction,0.7000000000000001,0.25,775,-525.2566204287516,0.0011921475008861606,NA,NA,NA,1586,1300.2566204287516,-1.9735141781947736e-14,0.11921475008861607,NA,NA,NA,percent,bootstrap_xy_R500
Actor2,reaction,0.7000000000000001,0.5,1019,-281.2566204287516,0.001395501404750742,NA,NA,NA,1586,1300.2566204287516,-1.9735141781947736e-14,0.1395501404750742,NA,NA,NA,percent,bootstrap_xy_R500
Actor2,reaction,0.7000000000000001,0.75,1520,219.7433795712484,0.0018130436417841652,NA,NA,NA,1586,1300.2566204287516,-1.9735141781947736e-14,0.18130436417841653,NA,NA,NA,percent,bootstrap_xy_R500
Actor2,reaction,0.7000000000000001,0.9,2311,1010.7433795712484,0.002472276994066476,NA,NA,NA,1586,1300.2566204287516,-1.9735141781947736e-14,0.2472276994066476,NA,NA,NA,percent,bootstrap_xy_R500
Actor2,reaction,0.7500000000000001,0.1,631,-669.2566204287516,8.712964358822328e-4,NA,NA,NA,1586,1300.2566204287516,-1.9735141781947736e-14,0.08712964358822328,NA,NA,NA,percent,bootstrap_xy_R500
Actor2,reaction,0.7500000000000001,0.25,775,-525.2566204287516,9.589878587535348e-4,NA,NA,NA,1586,1300.2566204287516,-1.9735141781947736e-14,0.09589878587535347,NA,NA,NA,percent,bootstrap_xy_R500
Actor2,reaction,0.7500000000000001,0.5,1019,-281.2566204287516,0.001107576103063241,NA,NA,NA,1586,1300.2566204287516,-1.9735141781947736e-14,0.1107576103063241,NA,NA,NA,percent,bootstrap_xy_R500
Actor2,reaction,0.7500000000000001,0.75,1520,219.7433795712484,0.0014126691784696458,NA,NA,NA,1586,1300.2566204287516,-1.9735141781947736e-14,0.14126691784696457,NA,NA,NA,percent,bootstrap_xy_R500
Actor2,reaction,0.7500000000000001,0.9,2311,1010.7433795712484,0.0018943630360474225,NA,NA,NA,1586,1300.2566204287516,-1.9735141781947736e-14,0.18943630360474226,NA,NA,NA,percent,bootstrap_xy_R500
Actor2,reaction,0.8,0.1,631,-669.2566204287516,0.0011576201981082991,NA,NA,NA,1586,1300.2566204287516,-1.9735141781947736e-14,0.11576201981082991,NA,NA,NA,percent,bootstrap_xy_R500
Actor2,reaction,0.8,0.25,775,-525.2566204287516,0.001364939156292383,NA,NA,NA,1586,1300.2566204287516,-1.9735141781947736e-14,0.1364939156292383,NA,NA,NA,percent,bootstrap_xy_R500
Actor2,reaction,0.8,0.5,1019,-281.2566204287516,0.0017162296132154137,NA,NA,NA,1586,1300.2566204287516,-1.9735141781947736e-14,0.17162296132154137,NA,NA,NA,percent,bootstrap_xy_R500
Actor2,reaction,0.8,0.75,1520,219.7433795712484,0.002437526821897538,NA,NA,NA,1586,1300.2566204287516,-1.9735141781947736e-14,0.2437526821897538,NA,NA,NA,percent,bootstrap_xy_R500
Actor2,reaction,0.8,0.9,2311,1010.7433795712484,0.003576341376922609,NA,NA,NA,1586,1300.2566204287516,-1.9735141781947736e-14,0.3576341376922609,NA,NA,NA,percent,bootstrap_xy_R500
Actor2,reaction,0.8500000000000001,0.1,631,-669.2566204287516,0.0021484635641487357,NA,NA,NA,1586,1300.2566204287516,-1.9735141781947736e-14,0.21484635641487357,NA,NA,NA,percent,bootstrap_xy_R500
Actor2,reaction,0.8500000000000001,0.25,775,-525.2566204287516,0.0023044513267550747,NA,NA,NA,1586,1300.2566204287516,-1.9735141781947736e-14,0.23044513267550748,NA,NA,NA,percent,bootstrap_xy_R500
Actor2,reaction,0.8500000000000001,0.5,1019,-281.2566204287516,0.002568763924504705,NA,NA,NA,1586,1300.2566204287516,-1.9735141781947736e-14,0.2568763924504705,NA,NA,NA,percent,bootstrap_xy_R500
Actor2,reaction,0.8500000000000001,0.75,1520,219.7433795712484,0.0031114713485725933,NA,NA,NA,1586,1300.2566204287516,-1.9735141781947736e-14,0.3111471348572593,NA,NA,NA,percent,bootstrap_xy_R500
Actor2,reaction,0.8500000000000001,0.9,2311,1010.7433795712484,0.003968320794556026,NA,NA,NA,1586,1300.2566204287516,-1.9735141781947736e-14,0.3968320794556026,NA,NA,NA,percent,bootstrap_xy_R500
Actor2,reaction,0.9000000000000001,0.1,631,-669.2566204287516,0.0017847167016516467,NA,NA,NA,1586,1300.2566204287516,-1.9735141781947736e-14,0.17847167016516466,NA,NA,NA,percent,bootstrap_xy_R500
Actor2,reaction,0.9000000000000001,0.25,775,-525.2566204287516,0.0019266733227337833,NA,NA,NA,1586,1300.2566204287516,-1.9735141781947736e-14,0.19266733227337834,NA,NA,NA,percent,bootstrap_xy_R500
Actor2,reaction,0.9000000000000001,0.5,1019,-281.2566204287516,0.002167210930678515,NA,NA,NA,1586,1300.2566204287516,-1.9735141781947736e-14,0.21672109306785148,NA,NA,NA,percent,bootstrap_xy_R500
Actor2,reaction,0.9000000000000001,0.75,1520,219.7433795712484,0.0026611016748601156,NA,NA,NA,1586,1300.2566204287516,-1.9735141781947736e-14,0.2661101674860116,NA,NA,NA,percent,bootstrap_xy_R500
Actor2,reaction,0.9000000000000001,0.9,2311,1010.7433795712484,0.0034408772809432415,NA,NA,NA,1586,1300.2566204287516,-1.9735141781947736e-14,0.34408772809432414,NA,NA,NA,percent,bootstrap_xy_R500
Actor2,reaction,0.95,0.1,631,-669.2566204287516,0.0022189529179624224,NA,NA,NA,1586,1300.2566204287516,-1.9735141781947736e-14,0.22189529179624223,NA,NA,NA,percent,bootstrap_xy_R500
Actor2,reaction,0.95,0.25,775,-525.2566204287516,0.0023012795064183897,NA,NA,NA,1586,1300.2566204287516,-1.9735141781947736e-14,0.23012795064183897,NA,NA,NA,percent,bootstrap_xy_R500
Actor2,reaction,0.95,0.5,1019,-281.2566204287516,0.0024407773368576675,NA,NA,NA,1586,1300.2566204287516,-1.9735141781947736e-14,0.24407773368576674,NA,NA,NA,percent,bootstrap_xy_R500
Actor2,reaction,0.95,0.75,1520,219.7433795712484,0.0027272052591940533,NA,NA,NA,1586,1300.2566204287516,-1.9735141781947736e-14,0.2727205259194053,NA,NA,NA,percent,bootstrap_xy_R500
Actor2,reaction,0.95,0.9,2311,1010.7433795712484,0.00317942978328204,NA,NA,NA,1586,1300.2566204287516,-1.9735141781947736e-14,0.317942978328204,NA,NA,NA,percent,bootstrap_xy_R500
Actor2,prediction,0.05,0.1,631,-669.5766561514195,0.001636835817445587,NA,NA,NA,1585,1300.5766561514195,1.1085062065599476e-13,0.16368358174455871,NA,NA,NA,percent,bootstrap_xy_R500
Actor2,prediction,0.05,0.25,775,-525.5766561514195,0.0014903340046193048,NA,NA,NA,1585,1300.5766561514195,1.1085062065599476e-13,0.14903340046193048,NA,NA,NA,percent,bootstrap_xy_R500
Actor2,prediction,0.05,0.5,1019,-281.57665615141946,0.0012420948217747706,NA,NA,NA,1585,1300.5766561514195,1.1085062065599476e-13,0.12420948217747707,NA,NA,NA,percent,bootstrap_xy_R500
Actor2,prediction,0.05,0.75,1520,219.42334384858054,7.323905979833297e-4,NA,NA,NA,1585,1300.5766561514195,1.1085062065599476e-13,0.07323905979833296,NA,NA,NA,percent,bootstrap_xy_R500
Actor2,prediction,0.05,0.9,2312.2000000000016,1011.6233438485822,-7.357284730126164e-5,NA,NA,NA,1585,1300.5766561514195,1.1085062065599476e-13,-0.007357284730126165,NA,NA,NA,percent,bootstrap_xy_R500
Actor2,prediction,0.1,0.1,631,-669.5766561514195,-1.6090888306351107e-4,NA,NA,NA,1585,1300.5766561514195,1.1085062065599476e-13,-0.016090888306351105,NA,NA,NA,percent,bootstrap_xy_R500
Actor2,prediction,0.1,0.25,775,-525.5766561514195,-1.9567518069563063e-4,NA,NA,NA,1585,1300.5766561514195,1.1085062065599476e-13,-0.019567518069563063,NA,NA,NA,percent,bootstrap_xy_R500
Actor2,prediction,0.1,0.5,1019,-281.57665615141946,-2.545847405722777e-4,NA,NA,NA,1585,1300.5766561514195,1.1085062065599476e-13,-0.02545847405722777,NA,NA,NA,percent,bootstrap_xy_R500
Actor2,prediction,0.1,0.75,1520,219.42334384858054,-3.755424844173603e-4,NA,NA,NA,1585,1300.5766561514195,1.1085062065599476e-13,-0.03755424844173603,NA,NA,NA,percent,bootstrap_xy_R500
Actor2,prediction,0.1,0.9,2312.2000000000016,1011.6233438485822,-5.668054079185073e-4,NA,NA,NA,1585,1300.5766561514195,1.1085062065599476e-13,-0.05668054079185073,NA,NA,NA,percent,bootstrap_xy_R500
Actor2,prediction,0.15000000000000002,0.1,631,-669.5766561514195,-2.1247689926451286e-4,NA,NA,NA,1585,1300.5766561514195,1.1085062065599476e-13,-0.021247689926451287,NA,NA,NA,percent,bootstrap_xy_R500
Actor2,prediction,0.15000000000000002,0.25,775,-525.5766561514195,-3.378717030251946e-4,NA,NA,NA,1585,1300.5766561514195,1.1085062065599476e-13,-0.03378717030251946,NA,NA,NA,percent,bootstrap_xy_R500
Actor2,prediction,0.15000000000000002,0.5,1019,-281.57665615141946,-5.50346231619683e-4,NA,NA,NA,1585,1300.5766561514195,1.1085062065599476e-13,-0.055034623161968305,NA,NA,NA,percent,bootstrap_xy_R500
Actor2,prediction,0.15000000000000002,0.75,1520,219.42334384858054,-9.86615653037055e-4,NA,NA,NA,1585,1300.5766561514195,1.1085062065599476e-13,-0.0986615653037055,NA,NA,NA,percent,bootstrap_xy_R500
Actor2,prediction,0.15000000000000002,0.9,2312.2000000000016,1011.6233438485822,-0.0016764612331704736,NA,NA,NA,1585,1300.5766561514195,1.1085062065599476e-13,-0.16764612331704737,NA,NA,NA,percent,bootstrap_xy_R500
Actor2,prediction,0.2,0.1,631,-669.5766561514195,-2.0963329871830094e-4,NA,NA,NA,1585,1300.5766561514195,1.1085062065599476e-13,-0.020963329871830094,NA,NA,NA,percent,bootstrap_xy_R500
Actor2,prediction,0.2,0.25,775,-525.5766561514195,-2.807142405929882e-4,NA,NA,NA,1585,1300.5766561514195,1.1085062065599476e-13,-0.028071424059298817,NA,NA,NA,percent,bootstrap_xy_R500
Actor2,prediction,0.2,0.5,1019,-281.57665615141946,-4.011569476584304e-4,NA,NA,NA,1585,1300.5766561514195,1.1085062065599476e-13,-0.04011569476584304,NA,NA,NA,percent,bootstrap_xy_R500
Actor2,prediction,0.2,0.75,1520,219.42334384858054,-6.48459391264113e-4,NA,NA,NA,1585,1300.5766561514195,1.1085062065599476e-13,-0.0648459391264113,NA,NA,NA,percent,bootstrap_xy_R500
Actor2,prediction,0.2,0.9,2312.2000000000016,1011.6233438485822,-0.001039503295105275,NA,NA,NA,1585,1300.5766561514195,1.1085062065599476e-13,-0.1039503295105275,NA,NA,NA,percent,bootstrap_xy_R500
Actor2,prediction,0.25,0.1,631,-669.5766561514195,-5.755000312542273e-4,NA,NA,NA,1585,1300.5766561514195,1.1085062065599476e-13,-0.05755000312542274,NA,NA,NA,percent,bootstrap_xy_R500
Actor2,prediction,0.25,0.25,775,-525.5766561514195,-5.839539505299393e-4,NA,NA,NA,1585,1300.5766561514195,1.1085062065599476e-13,-0.058395395052993924,NA,NA,NA,percent,bootstrap_xy_R500
Actor2,prediction,0.25,0.5,1019,-281.57665615141946,-5.982786470804511e-4,NA,NA,NA,1585,1300.5766561514195,1.1085062065599476e-13,-0.05982786470804511,NA,NA,NA,percent,bootstrap_xy_R500
Actor2,prediction,0.25,0.75,1520,219.42334384858054,-6.276912412271988e-4,NA,NA,NA,1585,1300.5766561514195,1.1085062065599476e-13,-0.06276912412271989,NA,NA,NA,percent,bootstrap_xy_R500
Actor2,prediction,0.25,0.9,2312.2000000000016,1011.6233438485822,-6.741995387981641e-4,NA,NA,NA,1585,1300.5766561514195,1.1085062065599476e-13,-0.0674199538798164,NA,NA,NA,percent,bootstrap_xy_R500
Actor2,prediction,0.3,0.1,631,-669.5766561514195,-7.833473704435606e-4,NA,NA,NA,1585,1300.5766561514195,1.1085062065599476e-13,-0.07833473704435606,NA,NA,NA,percent,bootstrap_xy_R500
Actor2,prediction,0.3,0.25,775,-525.5766561514195,-7.894881191096299e-4,NA,NA,NA,1585,1300.5766561514195,1.1085062065599476e-13,-0.078948811910963,NA,NA,NA,percent,bootstrap_xy_R500
Actor2,prediction,0.3,0.5,1019,-281.57665615141946,-7.998932765715806e-4,NA,NA,NA,1585,1300.5766561514195,1.1085062065599476e-13,-0.07998932765715806,NA,NA,NA,percent,bootstrap_xy_R500
Actor2,prediction,0.3,0.75,1520,219.42334384858054,-8.212579646389467e-4,NA,NA,NA,1585,1300.5766561514195,1.1085062065599476e-13,-0.08212579646389467,NA,NA,NA,percent,bootstrap_xy_R500
Actor2,prediction,0.3,0.9,2312.2000000000016,1011.6233438485822,-8.550406111199197e-4,NA,NA,NA,1585,1300.5766561514195,1.1085062065599476e-13,-0.08550406111199196,NA,NA,NA,percent,bootstrap_xy_R500
Actor2,prediction,0.35000000000000003,0.1,631,-669.5766561514195,-9.12666411304521e-4,NA,NA,NA,1585,1300.5766561514195,1.1085062065599476e-13,-0.09126664113045209,NA,NA,NA,percent,bootstrap_xy_R500
Actor2,prediction,0.35000000000000003,0.25,775,-525.5766561514195,-8.804683002103862e-4,NA,NA,NA,1585,1300.5766561514195,1.1085062065599476e-13,-0.08804683002103862,NA,NA,NA,percent,bootstrap_xy_R500
Actor2,prediction,0.35000000000000003,0.5,1019,-281.57665615141946,-8.259103897453246e-4,NA,NA,NA,1585,1300.5766561514195,1.1085062065599476e-13,-0.08259103897453246,NA,NA,NA,percent,bootstrap_xy_R500
Actor2,prediction,0.35000000000000003,0.75,1520,219.42334384858054,-7.138877948969807e-4,NA,NA,NA,1585,1300.5766561514195,1.1085062065599476e-13,-0.07138877948969807,NA,NA,NA,percent,bootstrap_xy_R500
Actor2,prediction,0.35000000000000003,0.9,2312.2000000000016,1011.6233438485822,-5.367534642804974e-4,NA,NA,NA,1585,1300.5766561514195,1.1085062065599476e-13,-0.05367534642804973,NA,NA,NA,percent,bootstrap_xy_R500
Actor2,prediction,0.4,0.1,631,-669.5766561514195,-4.0421078507862397e-4,NA,NA,NA,1585,1300.5766561514195,1.1085062065599476e-13,-0.0404210785078624,NA,NA,NA,percent,bootstrap_xy_R500
Actor2,prediction,0.4,0.25,775,-525.5766561514195,-3.8410043796078934e-4,NA,NA,NA,1585,1300.5766561514195,1.1085062065599476e-13,-0.03841004379607894,NA,NA,NA,percent,bootstrap_xy_R500
Actor2,prediction,0.4,0.5,1019,-281.57665615141946,-3.500245720111252e-4,NA,NA,NA,1585,1300.5766561514195,1.1085062065599476e-13,-0.03500245720111252,NA,NA,NA,percent,bootstrap_xy_R500
Actor2,prediction,0.4,0.75,1520,219.42334384858054,-2.800573226636591e-4,NA,NA,NA,1585,1300.5766561514195,1.1085062065599476e-13,-0.02800573226636591,NA,NA,NA,percent,bootstrap_xy_R500
Actor2,prediction,0.4,0.9,2312.2000000000016,1011.6233438485822,-1.69422482477905e-4,NA,NA,NA,1585,1300.5766561514195,1.1085062065599476e-13,-0.0169422482477905,NA,NA,NA,percent,bootstrap_xy_R500
Actor2,prediction,0.45,0.1,631,-669.5766561514195,2.3295547014709188e-4,NA,NA,NA,1585,1300.5766561514195,1.1085062065599476e-13,0.02329554701470919,NA,NA,NA,percent,bootstrap_xy_R500
Actor2,prediction,0.45,0.25,775,-525.5766561514195,1.7871917090924136e-4,NA,NA,NA,1585,1300.5766561514195,1.1085062065599476e-13,0.017871917090924137,NA,NA,NA,percent,bootstrap_xy_R500
Actor2,prediction,0.45,0.5,1019,-281.57665615141946,8.681877497843911e-5,NA,NA,NA,1585,1300.5766561514195,1.1085062065599476e-13,0.008681877497843911,NA,NA,NA,percent,bootstrap_xy_R500
Actor2,prediction,0.45,0.75,1520,219.42334384858054,-1.0187834945324911e-4,NA,NA,NA,1585,1300.5766561514195,1.1085062065599476e-13,-0.01018783494532491,NA,NA,NA,percent,bootstrap_xy_R500
Actor2,prediction,0.45,0.9,2312.2000000000016,1011.6233438485822,-4.0025332345481343e-4,NA,NA,NA,1585,1300.5766561514195,1.1085062065599476e-13,-0.04002533234548134,NA,NA,NA,percent,bootstrap_xy_R500
Actor2,prediction,0.5,0.1,631,-669.5766561514195,3.0343958178180044e-4,NA,NA,NA,1585,1300.5766561514195,1.1085062065599476e-13,0.030343958178180044,NA,NA,NA,percent,bootstrap_xy_R500
Actor2,prediction,0.5,0.25,775,-525.5766561514195,2.9943991920871346e-4,NA,NA,NA,1585,1300.5766561514195,1.1085062065599476e-13,0.029943991920871348,NA,NA,NA,percent,bootstrap_xy_R500
Actor2,prediction,0.5,0.5,1019,-281.57665615141946,2.9266271318209385e-4,NA,NA,NA,1585,1300.5766561514195,1.1085062065599476e-13,0.029266271318209386,NA,NA,NA,percent,bootstrap_xy_R500
Actor2,prediction,0.5,0.75,1520,219.42334384858054,2.787472204798954e-4,NA,NA,NA,1585,1300.5766561514195,1.1085062065599476e-13,0.02787472204798954,NA,NA,NA,percent,bootstrap_xy_R500
Actor2,prediction,0.5,0.9,2312.2000000000016,1011.6233438485822,2.567435212410098e-4,NA,NA,NA,1585,1300.5766561514195,1.1085062065599476e-13,0.02567435212410098,NA,NA,NA,percent,bootstrap_xy_R500
Actor2,prediction,0.55,0.1,631,-669.5766561514195,3.3438470053773385e-4,NA,NA,NA,1585,1300.5766561514195,1.1085062065599476e-13,0.033438470053773386,NA,NA,NA,percent,bootstrap_xy_R500
Actor2,prediction,0.55,0.25,775,-525.5766561514195,2.640587544555285e-4,NA,NA,NA,1585,1300.5766561514195,1.1085062065599476e-13,0.02640587544555285,NA,NA,NA,percent,bootstrap_xy_R500
Actor2,prediction,0.55,0.5,1019,-281.57665615141946,1.4489534581623616e-4,NA,NA,NA,1585,1300.5766561514195,1.1085062065599476e-13,0.014489534581623616,NA,NA,NA,percent,bootstrap_xy_R500
Actor2,prediction,0.55,0.75,1520,219.42334384858054,-9.978034159476983e-5,NA,NA,NA,1585,1300.5766561514195,1.1085062065599476e-13,-0.009978034159476982,NA,NA,NA,percent,bootstrap_xy_R500
Actor2,prediction,0.55,0.9,2312.2000000000016,1011.6233438485822,-4.866707199720141e-4,NA,NA,NA,1585,1300.5766561514195,1.1085062065599476e-13,-0.04866707199720141,NA,NA,NA,percent,bootstrap_xy_R500
Actor2,prediction,0.6000000000000001,0.1,631,-669.5766561514195,4.3329998116112354e-4,NA,NA,NA,1585,1300.5766561514195,1.1085062065599476e-13,0.04332999811611235,NA,NA,NA,percent,bootstrap_xy_R500
Actor2,prediction,0.6000000000000001,0.25,775,-525.5766561514195,3.8154779643346934e-4,NA,NA,NA,1585,1300.5766561514195,1.1085062065599476e-13,0.03815477964334693,NA,NA,NA,percent,bootstrap_xy_R500
Actor2,prediction,0.6000000000000001,0.5,1019,-281.57665615141946,2.93856594533833e-4,NA,NA,NA,1585,1300.5766561514195,1.1085062065599476e-13,0.0293856594533833,NA,NA,NA,percent,bootstrap_xy_R500
Actor2,prediction,0.6000000000000001,0.75,1520,219.42334384858054,1.1380211850220275e-4,NA,NA,NA,1585,1300.5766561514195,1.1085062065599476e-13,0.011380211850220276,NA,NA,NA,percent,bootstrap_xy_R500
Actor2,prediction,0.6000000000000001,0.9,2312.2000000000016,1011.6233438485822,-1.7090677553423993e-4,NA,NA,NA,1585,1300.5766561514195,1.1085062065599476e-13,-0.017090677553423993,NA,NA,NA,percent,bootstrap_xy_R500
Actor2,prediction,0.6500000000000001,0.1,631,-669.5766561514195,1.650890169893546e-4,NA,NA,NA,1585,1300.5766561514195,1.1085062065599476e-13,0.01650890169893546,NA,NA,NA,percent,bootstrap_xy_R500
Actor2,prediction,0.6500000000000001,0.25,775,-525.5766561514195,1.4207930294711946e-4,NA,NA,NA,1585,1300.5766561514195,1.1085062065599476e-13,0.014207930294711946,NA,NA,NA,percent,bootstrap_xy_R500
Actor2,prediction,0.6500000000000001,0.5,1019,-281.57665615141946,1.0309062081999882e-4,NA,NA,NA,1585,1300.5766561514195,1.1085062065599476e-13,0.010309062081999882,NA,NA,NA,percent,bootstrap_xy_R500
Actor2,prediction,0.6500000000000001,0.75,1520,219.42334384858054,2.3035990714722396e-5,NA,NA,NA,1585,1300.5766561514195,1.1085062065599476e-13,0.0023035990714722395,NA,NA,NA,percent,bootstrap_xy_R500
Actor2,prediction,0.6500000000000001,0.9,2312.2000000000016,1011.6233438485822,-1.0354939445374089e-4,NA,NA,NA,1585,1300.5766561514195,1.1085062065599476e-13,-0.010354939445374089,NA,NA,NA,percent,bootstrap_xy_R500
Actor2,prediction,0.7000000000000001,0.1,631,-669.5766561514195,-2.5300304475993183e-5,NA,NA,NA,1585,1300.5766561514195,1.1085062065599476e-13,-0.0025300304475993182,NA,NA,NA,percent,bootstrap_xy_R500
Actor2,prediction,0.7000000000000001,0.25,775,-525.5766561514195,1.3119777509546811e-5,NA,NA,NA,1585,1300.5766561514195,1.1085062065599476e-13,0.001311977750954681,NA,NA,NA,percent,bootstrap_xy_R500
Actor2,prediction,0.7000000000000001,0.5,1019,-281.57665615141946,7.822047198504514e-5,NA,NA,NA,1585,1300.5766561514195,1.1085062065599476e-13,0.007822047198504514,NA,NA,NA,percent,bootstrap_xy_R500
Actor2,prediction,0.7000000000000001,0.75,1520,219.42334384858054,2.118903405597364e-4,NA,NA,NA,1585,1300.5766561514195,1.1085062065599476e-13,0.021189034055973638,NA,NA,NA,percent,bootstrap_xy_R500
Actor2,prediction,0.7000000000000001,0.9,2312.2000000000016,1011.6233438485822,4.232541527051867e-4,NA,NA,NA,1585,1300.5766561514195,1.1085062065599476e-13,0.04232541527051867,NA,NA,NA,percent,bootstrap_xy_R500
Actor2,prediction,0.7500000000000001,0.1,631,-669.5766561514195,3.391472855334281e-4,NA,NA,NA,1585,1300.5766561514195,1.1085062065599476e-13,0.03391472855334281,NA,NA,NA,percent,bootstrap_xy_R500
Actor2,prediction,0.7500000000000001,0.25,775,-525.5766561514195,3.858948807805196e-4,NA,NA,NA,1585,1300.5766561514195,1.1085062065599476e-13,0.03858948807805196,NA,NA,NA,percent,bootstrap_xy_R500
Actor2,prediction,0.7500000000000001,0.5,1019,-281.57665615141946,4.6510608383809116e-4,NA,NA,NA,1585,1300.5766561514195,1.1085062065599476e-13,0.04651060838380912,NA,NA,NA,percent,bootstrap_xy_R500
Actor2,prediction,0.7500000000000001,0.75,1520,219.42334384858054,6.277487589685969e-4,NA,NA,NA,1585,1300.5766561514195,1.1085062065599476e-13,0.06277487589685969,NA,NA,NA,percent,bootstrap_xy_R500
Actor2,prediction,0.7500000000000001,0.9,2312.2000000000016,1011.6233438485822,8.849254600432212e-4,NA,NA,NA,1585,1300.5766561514195,1.1085062065599476e-13,0.08849254600432212,NA,NA,NA,percent,bootstrap_xy_R500
Actor2,prediction,0.8,0.1,631,-669.5766561514195,9.230849582817884e-4,NA,NA,NA,1585,1300.5766561514195,1.1085062065599476e-13,0.09230849582817884,NA,NA,NA,percent,bootstrap_xy_R500
Actor2,prediction,0.8,0.25,775,-525.5766561514195,9.409848186353533e-4,NA,NA,NA,1585,1300.5766561514195,1.1085062065599476e-13,0.09409848186353532,NA,NA,NA,percent,bootstrap_xy_R500
Actor2,prediction,0.8,0.5,1019,-281.57665615141946,9.713151375677825e-4,NA,NA,NA,1585,1300.5766561514195,1.1085062065599476e-13,0.09713151375677825,NA,NA,NA,percent,bootstrap_xy_R500
Actor2,prediction,0.8,0.75,1520,219.42334384858054,0.0010335917350478934,NA,NA,NA,1585,1300.5766561514195,1.1085062065599476e-13,0.10335917350478933,NA,NA,NA,percent,bootstrap_xy_R500
Actor2,prediction,0.8,0.9,2312.2000000000016,1011.6233438485822,0.001132065827909658,NA,NA,NA,1585,1300.5766561514195,1.1085062065599476e-13,0.11320658279096579,NA,NA,NA,percent,bootstrap_xy_R500
Actor2,prediction,0.8500000000000001,0.1,631,-669.5766561514195,0.0013960575958638362,NA,NA,NA,1585,1300.5766561514195,1.1085062065599476e-13,0.1396057595863836,NA,NA,NA,percent,bootstrap_xy_R500
Actor2,prediction,0.8500000000000001,0.25,775,-525.5766561514195,0.0013450033105049466,NA,NA,NA,1585,1300.5766561514195,1.1085062065599476e-13,0.13450033105049466,NA,NA,NA,percent,bootstrap_xy_R500
Actor2,prediction,0.8500000000000001,0.5,1019,-281.57665615141946,0.001258494660313495,NA,NA,NA,1585,1300.5766561514195,1.1085062065599476e-13,0.1258494660313495,NA,NA,NA,percent,bootstrap_xy_R500
Actor2,prediction,0.8500000000000001,0.75,1520,219.42334384858054,0.0010808682925023583,NA,NA,NA,1585,1300.5766561514195,1.1085062065599476e-13,0.10808682925023583,NA,NA,NA,percent,bootstrap_xy_R500
Actor2,prediction,0.8500000000000001,0.9,2312.2000000000016,1011.6233438485822,7.999988142987999e-4,NA,NA,NA,1585,1300.5766561514195,1.1085062065599476e-13,0.07999988142987999,NA,NA,NA,percent,bootstrap_xy_R500
Actor2,prediction,0.9000000000000001,0.1,631,-669.5766561514195,0.001592310167525059,NA,NA,NA,1585,1300.5766561514195,1.1085062065599476e-13,0.1592310167525059,NA,NA,NA,percent,bootstrap_xy_R500
Actor2,prediction,0.9000000000000001,0.25,775,-525.5766561514195,0.0015376317341825635,NA,NA,NA,1585,1300.5766561514195,1.1085062065599476e-13,0.15376317341825635,NA,NA,NA,percent,bootstrap_xy_R500
Actor2,prediction,0.9000000000000001,0.5,1019,-281.57665615141946,0.0014449821665744463,NA,NA,NA,1585,1300.5766561514195,1.1085062065599476e-13,0.14449821665744464,NA,NA,NA,percent,bootstrap_xy_R500
Actor2,prediction,0.9000000000000001,0.75,1520,219.42334384858054,0.0012547467839036813,NA,NA,NA,1585,1300.5766561514195,1.1085062065599476e-13,0.12547467839036813,NA,NA,NA,percent,bootstrap_xy_R500
Actor2,prediction,0.9000000000000001,0.9,2312.2000000000016,1011.6233438485822,9.539394582514252e-4,NA,NA,NA,1585,1300.5766561514195,1.1085062065599476e-13,0.09539394582514252,NA,NA,NA,percent,bootstrap_xy_R500
Actor2,prediction,0.95,0.1,631,-669.5766561514195,0.0021011621889819726,NA,NA,NA,1585,1300.5766561514195,1.1085062065599476e-13,0.21011621889819726,NA,NA,NA,percent,bootstrap_xy_R500
Actor2,prediction,0.95,0.25,775,-525.5766561514195,0.0020110139555504546,NA,NA,NA,1585,1300.5766561514195,1.1085062065599476e-13,0.20110139555504547,NA,NA,NA,percent,bootstrap_xy_R500
Actor2,prediction,0.95,0.5,1019,-281.57665615141946,0.0018582627822359384,NA,NA,NA,1585,1300.5766561514195,1.1085062065599476e-13,0.18582627822359385,NA,NA,NA,percent,bootstrap_xy_R500
Actor2,prediction,0.95,0.75,1520,219.42334384858054,0.0015446220534221155,NA,NA,NA,1585,1300.5766561514195,1.1085062065599476e-13,0.15446220534221156,NA,NA,NA,percent,bootstrap_xy_R500
Actor2,prediction,0.95,0.9,2312.2000000000016,1011.6233438485822,0.0010486815636690002,NA,NA,NA,1585,1300.5766561514195,1.1085062065599476e-13,0.10486815636690003,NA,NA,NA,percent,bootstrap_xy_R500
