term,estimate,std_error,statistic,p_value,hac_lag,role,outcome,include_vix,include_fx,include_lag,model_formula,N,return_unit,estimate_reported,std_error_reported
(Intercept),-1.8366807977914732e-4,8.235859155952663e-4,-0.22301022431448073,0.8235563208875235,7,Actor1,nominal,FALSE,FALSE,FALSE,return_bist ~ goldstein_a1 + event_count_a1_c,1586,percent,-0.01836680797791473,0.08235859155952663
goldstein_a1,0.002134764191546852,8.972544108640368e-4,2.379218386333838,0.017467329638513395,7,Actor1,nominal,FALSE,FALSE,FALSE,return_bist ~ goldstein_a1 + event_count_a1_c,1586,percent,0.2134764191546852,0.08972544108640368
event_count_a1_c,3.398637597932898e-7,6.316220608467144e-7,0.53808088865308,0.5905968480251649,7,Actor1,nominal,FALSE,FALSE,FALSE,return_bist ~ goldstein_a1 + event_count_a1_c,1586,percent,3.398637597932898e-5,6.316220608467144e-5
(Intercept),-9.486838471679653e-4,0.0010319428731465992,-0.9193181830649593,0.358069228519726,7,Actor2,nominal,FALSE,FALSE,FALSE,return_bist ~ goldstein_a2 + event_count_a2_c,1586,percent,-0.09486838471679652,0.10319428731465992
goldstein_a2,0.001741745150458273,6.856553742737268e-4,2.540263251495984,0.011171769886710724,7,Actor2,nominal,FALSE,FALSE,FALSE,return_bist ~ goldstein_a2 + event_count_a2_c,1586,percent,0.17417451504582732,0.06856553742737267
event_count_a2_c,7.019286572997355e-7,8.064916995554578e-7,0.8703482722595186,0.38424206448940046,7,Actor2,nominal,FALSE,FALSE,FALSE,return_bist ~ goldstein_a2 + event_count_a2_c,1586,percent,7.019286572997356e-5,8.064916995554578e-5
(Intercept),-0.0010286537923886437,8.225611445185613e-4,-1.2505499429962825,0.21128353618849022,7,Actor1,real,FALSE,FALSE,FALSE,real_return_bist ~ goldstein_a1 + event_count_a1_c,1586,percent,-0.10286537923886437,0.08225611445185613
goldstein_a1,0.002001064245403049,8.960750456312291e-4,2.2331435912194424,0.025678775090182973,7,Actor1,real,FALSE,FALSE,FALSE,real_return_bist ~ goldstein_a1 + event_count_a1_c,1586,percent,0.2001064245403049,0.08960750456312291
event_count_a1_c,3.7294454046116286e-7,6.267506452999302e-7,0.5950445256944108,0.5518987554150773,7,Actor1,real,FALSE,FALSE,FALSE,real_return_bist ~ goldstein_a1 + event_count_a1_c,1586,percent,3.729445404611628e-5,6.267506452999302e-5
(Intercept),-0.0016846863283036973,0.0010344783991366395,-1.6285369802885317,0.10361005489231298,7,Actor2,real,FALSE,FALSE,FALSE,real_return_bist ~ goldstein_a2 + event_count_a2_c,1586,percent,-0.16846863283036972,0.10344783991366395
goldstein_a2,0.0015861690214456746,6.859437797513917e-4,2.312389248606575,0.020883983823659743,7,Actor2,real,FALSE,FALSE,FALSE,real_return_bist ~ goldstein_a2 + event_count_a2_c,1586,percent,0.15861690214456745,0.06859437797513916
event_count_a2_c,7.413018125346422e-7,8.009086846227305e-7,0.9255759448829474,0.3548074768179422,7,Actor2,real,FALSE,FALSE,FALSE,real_return_bist ~ goldstein_a2 + event_count_a2_c,1586,percent,7.413018125346422e-5,8.009086846227304e-5
(Intercept),-2.9365218039381148e-8,7.959266795999154e-4,-3.68943758163026e-5,0.9999705671987309,7,Actor1,nominal,TRUE,FALSE,FALSE,return_bist ~ goldstein_a1 + event_count_a1_c + return_vix,1586,percent,-2.9365218039381146e-6,0.07959266795999154
goldstein_a1,0.0019184822308563802,8.753134088724139e-4,2.191766070769766,0.028541722431256675,7,Actor1,nominal,TRUE,FALSE,FALSE,return_bist ~ goldstein_a1 + event_count_a1_c + return_vix,1586,percent,0.19184822308563804,0.08753134088724139
event_count_a1_c,4.876345125481596e-7,6.050743928488919e-7,0.8059083615358664,0.4204168096163544,7,Actor1,nominal,TRUE,FALSE,FALSE,return_bist ~ goldstein_a1 + event_count_a1_c + return_vix,1586,percent,4.8763451254815965e-5,6.050743928488919e-5
return_vix,-0.03797672010169194,0.0074872206592534775,-5.072205272160158,4.395810860011856e-7,7,Actor1,nominal,TRUE,FALSE,FALSE,return_bist ~ goldstein_a1 + event_count_a1_c + return_vix,1586,percent,-3.797672010169194,0.7487220659253477
(Intercept),-6.717285284926123e-4,9.910459689808848e-4,-0.6777975487689699,0.49799918070691374,7,Actor2,nominal,TRUE,FALSE,FALSE,return_bist ~ goldstein_a2 + event_count_a2_c + return_vix,1586,percent,-0.06717285284926124,0.09910459689808848
goldstein_a2,0.0015530053519617172,6.673262665309598e-4,2.327205491303207,0.02007997712163891,7,Actor2,nominal,TRUE,FALSE,FALSE,return_bist ~ goldstein_a2 + event_count_a2_c + return_vix,1586,percent,0.15530053519617174,0.06673262665309598
event_count_a2_c,8.586113849354996e-7,7.783490512453719e-7,1.1031186889245983,0.27014339944221105,7,Actor2,nominal,TRUE,FALSE,FALSE,return_bist ~ goldstein_a2 + event_count_a2_c + return_vix,1586,percent,8.586113849354996e-5,7.783490512453718e-5
return_vix,-0.03804873221751479,0.0075292634456453214,-5.053446793593194,4.842883158697262e-7,7,Actor2,nominal,TRUE,FALSE,FALSE,return_bist ~ goldstein_a2 + event_count_a2_c + return_vix,1586,percent,-3.804873221751479,0.7529263445645321
(Intercept),-8.444107233737824e-4,7.948952479995588e-4,-1.062291824613161,0.28826535703074785,7,Actor1,real,TRUE,FALSE,FALSE,real_return_bist ~ goldstein_a1 + event_count_a1_c + return_vix,1586,percent,-0.08444107233737824,0.07948952479995589
goldstein_a1,0.0017840705014346215,8.740086262152685e-4,2.0412504498499136,0.04139157500116796,7,Actor1,real,TRUE,FALSE,FALSE,real_return_bist ~ goldstein_a1 + event_count_a1_c + return_vix,1586,percent,0.17840705014346214,0.08740086262152684
event_count_a1_c,5.212016063160528e-7,5.998859552170966e-7,0.8688344872608856,0.3850694548687229,7,Actor1,real,TRUE,FALSE,FALSE,real_return_bist ~ goldstein_a1 + event_count_a1_c + return_vix,1586,percent,5.2120160631605276e-5,5.998859552170966e-5
return_vix,-0.0381017013725926,0.007482380803407588,-5.092189554859399,3.9634239268655547e-7,7,Actor1,real,TRUE,FALSE,FALSE,real_return_bist ~ goldstein_a1 + event_count_a1_c + return_vix,1586,percent,-3.81017013725926,0.7482380803407588
(Intercept),-0.0014067512752531024,9.95091983821163e-4,-1.4136896871092897,0.15764977652415504,7,Actor2,real,TRUE,FALSE,FALSE,real_return_bist ~ goldstein_a2 + event_count_a2_c + return_vix,1586,percent,-0.14067512752531022,0.0995091983821163
goldstein_a2,0.0013967615525485367,6.687224527129638e-4,2.088701443897936,0.036894114843515076,7,Actor2,real,TRUE,FALSE,FALSE,real_return_bist ~ goldstein_a2 + event_count_a2_c + return_vix,1586,percent,0.13967615525485366,0.06687224527129637
event_count_a2_c,8.98538808111552e-7,7.722458095791739e-7,1.163539894895901,0.2447859806409517,7,Actor2,real,TRUE,FALSE,FALSE,real_return_bist ~ goldstein_a2 + event_count_a2_c + return_vix,1586,percent,8.985388081115521e-5,7.722458095791738e-5
return_vix,-0.038183330285774295,0.007521363453578552,-5.076650067695803,4.2958702117439256e-7,7,Actor2,real,TRUE,FALSE,FALSE,real_return_bist ~ goldstein_a2 + event_count_a2_c + return_vix,1586,percent,-3.8183330285774293,0.7521363453578552
(Intercept),-2.8276161239357256e-4,8.201598218857918e-4,-0.3447640384814503,0.7303175977200596,7,Actor1,nominal,FALSE,TRUE,FALSE,return_bist ~ goldstein_a1 + event_count_a1_c + return_usdtry,1586,percent,-0.028276161239357257,0.08201598218857918
goldstein_a1,0.0021494313998244095,8.932933149293401e-4,2.406187714496028,0.01623404661343453,7,Actor1,nominal,FALSE,TRUE,FALSE,return_bist ~ goldstein_a1 + event_count_a1_c + return_usdtry,1586,percent,0.21494313998244094,0.08932933149293401
event_count_a1_c,3.39414391650164e-7,6.32903742878628e-7,0.5362812204371076,0.5918396040810217,7,Actor1,nominal,FALSE,TRUE,FALSE,return_bist ~ goldstein_a1 + event_count_a1_c + return_usdtry,1586,percent,3.39414391650164e-5,6.32903742878628e-5
return_usdtry,0.06617252490088099,0.1041545114946502,0.6353303755284752,0.5253048488642549,7,Actor1,nominal,FALSE,TRUE,FALSE,return_bist ~ goldstein_a1 + event_count_a1_c + return_usdtry,1586,percent,6.617252490088099,10.41545114946502
(Intercept),-0.0010328162540190514,0.0010286355773403964,-1.004064293293709,0.3155011733088667,7,Actor2,nominal,FALSE,TRUE,FALSE,return_bist ~ goldstein_a2 + event_count_a2_c + return_usdtry,1586,percent,-0.10328162540190515,0.10286355773403964
goldstein_a2,0.001740047854787945,6.880253472160416e-4,2.5290461489953886,0.011533783181036759,7,Actor2,nominal,FALSE,TRUE,FALSE,return_bist ~ goldstein_a2 + event_count_a2_c + return_usdtry,1586,percent,0.1740047854787945,0.06880253472160416
event_count_a2_c,7.007380898993192e-7,8.082801195020632e-7,0.8669495549773083,0.3861011217469047,7,Actor2,nominal,FALSE,TRUE,FALSE,return_bist ~ goldstein_a2 + event_count_a2_c + return_usdtry,1586,percent,7.007380898993192e-5,8.082801195020632e-5
return_usdtry,0.0644249009645961,0.10443465485293059,0.6168919795380379,0.5373947445498118,7,Actor2,nominal,FALSE,TRUE,FALSE,return_bist ~ goldstein_a2 + event_count_a2_c + return_usdtry,1586,percent,6.44249009645961,10.443465485293059
(Intercept),-0.0011102739355156532,8.22807344600369e-4,-1.3493729033919895,0.17741029466987476,7,Actor1,real,FALSE,TRUE,FALSE,real_return_bist ~ goldstein_a1 + event_count_a1_c + return_usdtry,1586,percent,-0.11102739355156532,0.0822807344600369
goldstein_a1,0.0020131451512634345,8.91824073175016e-4,2.2573343911836354,0.02412306499472544,7,Actor1,real,FALSE,TRUE,FALSE,real_return_bist ~ goldstein_a1 + event_count_a1_c + return_usdtry,1586,percent,0.20131451512634346,0.0891824073175016
event_count_a1_c,3.7257441043157394e-7,6.278236224941554e-7,0.5934380247615522,0.5529728798357494,7,Actor1,real,FALSE,TRUE,FALSE,real_return_bist ~ goldstein_a1 + event_count_a1_c + return_usdtry,1586,percent,3.725744104315739e-5,6.278236224941555e-5
return_usdtry,0.054504172078524205,0.10831546400047623,0.5031984359895699,0.6148948146309194,7,Actor1,real,FALSE,TRUE,FALSE,real_return_bist ~ goldstein_a1 + event_count_a1_c + return_usdtry,1586,percent,5.4504172078524205,10.831546400047623
(Intercept),-0.0017537257315247776,0.0010318482795437863,-1.6995965068625756,0.08940343164266455,7,Actor2,real,FALSE,TRUE,FALSE,real_return_bist ~ goldstein_a2 + event_count_a2_c + return_usdtry,1586,percent,-0.17537257315247776,0.10318482795437862
goldstein_a2,0.0015847762135544593,6.882371385051714e-4,2.30266012234757,0.021427223710644802,7,Actor2,real,FALSE,TRUE,FALSE,real_return_bist ~ goldstein_a2 + event_count_a2_c + return_usdtry,1586,percent,0.15847762135544594,0.06882371385051714
event_count_a2_c,7.403248279707191e-7,8.023924175309532e-7,0.9226468393716597,0.35633196782323695,7,Actor2,real,FALSE,TRUE,FALSE,real_return_bist ~ goldstein_a2 + event_count_a2_c + return_usdtry,1586,percent,7.40324827970719e-5,8.023924175309533e-5
return_usdtry,0.05286734186798595,0.10855939437428007,0.4869900221229615,0.626332866953733,7,Actor2,real,FALSE,TRUE,FALSE,real_return_bist ~ goldstein_a2 + event_count_a2_c + return_usdtry,1586,percent,5.286734186798595,10.855939437428006
(Intercept),-1.0212877750480446e-4,7.926541608757677e-4,-0.12884405652014366,0.8974974318880629,7,Actor1,nominal,TRUE,TRUE,FALSE,return_bist ~ goldstein_a1 + event_count_a1_c + return_vix +     return_usdtry,1586,percent,-0.010212877750480446,0.07926541608757677
goldstein_a1,0.0019332573918717534,8.716373041993454e-4,2.2179608221880476,0.02669916855854544,7,Actor1,nominal,TRUE,TRUE,FALSE,return_bist ~ goldstein_a1 + event_count_a1_c + return_vix +     return_usdtry,1586,percent,0.19332573918717535,0.08716373041993454
event_count_a1_c,4.874333421663783e-7,6.066721893409486e-7,0.8034542389290926,0.4218330126543455,7,Actor1,nominal,TRUE,TRUE,FALSE,return_bist ~ goldstein_a1 + event_count_a1_c + return_vix +     return_usdtry,1586,percent,4.874333421663782e-5,6.066721893409486e-5
return_vix,-0.03804439081489148,0.00744205249356988,-5.11208310446114,3.574201026345413e-7,7,Actor1,nominal,TRUE,TRUE,FALSE,return_bist ~ goldstein_a1 + event_count_a1_c + return_vix +     return_usdtry,1586,percent,-3.8044390814891478,0.744205249356988
return_usdtry,0.06839830088585748,0.11053511535045986,0.6187925047076266,0.5361422043232624,7,Actor1,nominal,TRUE,TRUE,FALSE,return_bist ~ goldstein_a1 + event_count_a1_c + return_vix +     return_usdtry,1586,percent,6.839830088585748,11.053511535045986
(Intercept),-7.584764743704692e-4,9.876806642687781e-4,-0.767936947446472,0.44263932419014307,7,Actor2,nominal,TRUE,TRUE,FALSE,return_bist ~ goldstein_a2 + event_count_a2_c + return_vix +     return_usdtry,1586,percent,-0.07584764743704692,0.09876806642687781
goldstein_a2,0.001550892410767453,6.701990060513172e-4,2.3140774557470785,0.020791129034974848,7,Actor2,nominal,TRUE,TRUE,FALSE,return_bist ~ goldstein_a2 + event_count_a2_c + return_vix +     return_usdtry,1586,percent,0.1550892410767453,0.06701990060513172
event_count_a2_c,8.576690697253389e-7,7.80388754593771e-7,1.0990279712215945,0.2719231950118545,7,Actor2,nominal,TRUE,TRUE,FALSE,return_bist ~ goldstein_a2 + event_count_a2_c + return_vix +     return_usdtry,1586,percent,8.576690697253389e-5,7.80388754593771e-5
return_vix,-0.03811978303105789,0.007482412783267886,-5.094584345346605,3.914730615679883e-7,7,Actor2,nominal,TRUE,TRUE,FALSE,return_bist ~ goldstein_a2 + event_count_a2_c + return_vix +     return_usdtry,1586,percent,-3.811978303105789,0.7482412783267887
return_usdtry,0.06682379669472177,0.11080744532994352,0.6030623348074243,0.5465537195264774,7,Actor2,nominal,TRUE,TRUE,FALSE,return_bist ~ goldstein_a2 + event_count_a2_c + return_vix +     return_usdtry,1586,percent,6.682379669472177,11.080744532994352
(Intercept),-9.29102476145366e-4,7.959129439176437e-4,-1.1673418346133895,0.2432483757466316,7,Actor1,real,TRUE,TRUE,FALSE,real_return_bist ~ goldstein_a1 + event_count_a1_c + return_vix +     return_usdtry,1586,percent,-0.0929102476145366,0.07959129439176436
goldstein_a1,0.00179632653950426,8.699776646408404e-4,2.064796158009242,0.039105027706075705,7,Actor1,real,TRUE,TRUE,FALSE,real_return_bist ~ goldstein_a1 + event_count_a1_c + return_vix +     return_usdtry,1586,percent,0.17963265395042602,0.08699776646408404
event_count_a1_c,5.210347349124159e-7,6.012479597790147e-7,0.8665887782869472,0.3862988586867998,7,Actor1,real,TRUE,TRUE,FALSE,real_return_bist ~ goldstein_a1 + event_count_a1_c + return_vix +     return_usdtry,1586,percent,5.210347349124159e-5,6.0124795977901466e-5
return_vix,-0.038157834421586795,0.007443125399770384,-5.12658760562652,3.313799575157329e-7,7,Actor1,real,TRUE,TRUE,FALSE,real_return_bist ~ goldstein_a1 + event_count_a1_c + return_vix +     return_usdtry,1586,percent,-3.8157834421586796,0.7443125399770384
return_usdtry,0.05673658504861284,0.11477009556206182,0.49434989812248253,0.6211277705752378,7,Actor1,real,TRUE,TRUE,FALSE,real_return_bist ~ goldstein_a1 + event_count_a1_c + return_vix +     return_usdtry,1586,percent,5.673658504861284,11.477009556206182
(Intercept),-0.0014785056586893535,9.927132466552944e-4,-1.4893582448615634,0.13659250547699028,7,Actor2,real,TRUE,TRUE,FALSE,real_return_bist ~ goldstein_a2 + event_count_a2_c + return_vix +     return_usdtry,1586,percent,-0.14785056586893536,0.09927132466552943
goldstein_a2,0.0013950138132666752,6.715113300582659e-4,2.0774240892489964,0.03792352821631709,7,Actor2,real,TRUE,TRUE,FALSE,real_return_bist ~ goldstein_a2 + event_count_a2_c + return_vix +     return_usdtry,1586,percent,0.13950138132666753,0.06715113300582659
event_count_a2_c,8.97759363178033e-7,7.739622975692864e-7,1.1599523206718787,0.24624335631118632,7,Actor2,real,TRUE,TRUE,FALSE,real_return_bist ~ goldstein_a2 + event_count_a2_c + return_vix +     return_usdtry,1586,percent,8.977593631780329e-5,7.739622975692864e-5
return_vix,-0.038242100637819375,0.007480674886221967,-5.112119056029867,3.573531779573444e-7,7,Actor2,real,TRUE,TRUE,FALSE,real_return_bist ~ goldstein_a2 + event_count_a2_c + return_vix +     return_usdtry,1586,percent,-3.8242100637819374,0.7480674886221967
return_usdtry,0.05527393510216973,0.11501431127789029,0.48058310733714127,0.6308793153877583,7,Actor2,real,TRUE,TRUE,FALSE,real_return_bist ~ goldstein_a2 + event_count_a2_c + return_vix +     return_usdtry,1586,percent,5.527393510216973,11.50143112778903
(Intercept),-1.9051296296223477e-4,8.167429198061357e-4,-0.23325939942945012,0.81559016029610365,7,Actor1,nominal,FALSE,FALSE,TRUE,return_bist ~ goldstein_a1 + event_count_a1_c + return_bist_lag1,1586,percent,-0.019051296296223475,0.08167429198061357
goldstein_a1,0.0021240860638874924,8.915625749127842e-4,2.3824307162010228,0.017316307782647578,7,Actor1,nominal,FALSE,FALSE,TRUE,return_bist ~ goldstein_a1 + event_count_a1_c + return_bist_lag1,1586,percent,0.21240860638874923,0.08915625749127842
event_count_a1_c,3.4756394787969517e-7,6.331401582448994e-7,0.5489526187110959,0.5831154340490747,7,Actor1,nominal,FALSE,FALSE,TRUE,return_bist ~ goldstein_a1 + event_count_a1_c + return_bist_lag1,1586,percent,3.475639478796952e-5,6.331401582448994e-5
return_bist_lag1,0.01100893347228232,0.02707353359350779,0.4066308313341947,0.6843341521130293,7,Actor1,nominal,FALSE,FALSE,TRUE,return_bist ~ goldstein_a1 + event_count_a1_c + return_bist_lag1,1586,percent,1.1008933472282318,2.707353359350779
(Intercept),-9.439638919697302e-4,0.0010254736769669747,-0.9205149904595069,0.3574440455913305,7,Actor2,nominal,FALSE,FALSE,TRUE,return_bist ~ goldstein_a2 + event_count_a2_c + return_bist_lag1,1586,percent,-0.09439638919697302,0.10254736769669748
goldstein_a2,0.0017278800010947686,6.820778800086682e-4,2.533259106823417,0.011396635785709363,7,Actor2,nominal,FALSE,FALSE,TRUE,return_bist ~ goldstein_a2 + event_count_a2_c + return_bist_lag1,1586,percent,0.17278800010947687,0.06820778800086681
event_count_a2_c,7.101328358109036e-7,8.079848492171784e-7,0.8788937521525565,0.3795923574286115,7,Actor2,nominal,FALSE,FALSE,TRUE,return_bist ~ goldstein_a2 + event_count_a2_c + return_bist_lag1,1586,percent,7.101328358109037e-5,8.079848492171785e-5
return_bist_lag1,0.010252215445156384,0.02721885469299309,0.3766585905539808,0.7064778518957879,7,Actor2,nominal,FALSE,FALSE,TRUE,return_bist ~ goldstein_a2 + event_count_a2_c + return_bist_lag1,1586,percent,1.0252215445156385,2.721885469299309
(Intercept),-0.0010337452445565202,8.175029739907826e-4,-1.26451557663468,0.2062312903746385,7,Actor1,real,FALSE,FALSE,TRUE,real_return_bist ~ goldstein_a1 + event_count_a1_c + return_bist_lag1,1586,percent,-0.10337452445565203,0.08175029739907826
goldstein_a1,0.0019931214982785344,8.920582906661383e-4,2.234295134222882,0.025602880240577757,7,Actor1,real,FALSE,FALSE,TRUE,real_return_bist ~ goldstein_a1 + event_count_a1_c + return_bist_lag1,1586,percent,0.19931214982785345,0.08920582906661384
event_count_a1_c,3.786721969129855e-7,6.287952881271331e-7,0.6022185663013804,0.5471149601228904,7,Actor1,real,FALSE,FALSE,TRUE,real_return_bist ~ goldstein_a1 + event_count_a1_c + return_bist_lag1,1586,percent,3.786721969129855e-5,6.287952881271331e-5
return_bist_lag1,0.00818881150988089,0.027108781808529114,0.3020722792974962,0.7626366699030938,7,Actor1,real,FALSE,FALSE,TRUE,real_return_bist ~ goldstein_a1 + event_count_a1_c + return_bist_lag1,1586,percent,0.818881150988089,2.7108781808529114
(Intercept),-0.0016811933862402526,0.0010298860928897452,-1.632407115551014,0.10279276076492153,7,Actor2,real,FALSE,FALSE,TRUE,real_return_bist ~ goldstein_a2 + event_count_a2_c + return_bist_lag1,1586,percent,-0.16811933862402526,0.10298860928897452
goldstein_a2,0.0015759082962070441,6.836486663764174e-4,2.305143524319183,0.02128742240193657,7,Actor2,real,FALSE,FALSE,TRUE,real_return_bist ~ goldstein_a2 + event_count_a2_c + return_bist_lag1,1586,percent,0.15759082962070442,0.06836486663764174
event_count_a2_c,7.473732091928961e-7,8.029321964822808e-7,0.9308048829866411,0.35209651875043513,7,Actor2,real,FALSE,FALSE,TRUE,real_return_bist ~ goldstein_a2 + event_count_a2_c + return_bist_lag1,1586,percent,7.473732091928961e-5,8.029321964822808e-5
return_bist_lag1,0.007587020017749377,0.02725102242416982,0.2784123068725745,0.7807322578234324,7,Actor2,real,FALSE,FALSE,TRUE,real_return_bist ~ goldstein_a2 + event_count_a2_c + return_bist_lag1,1586,percent,0.7587020017749377,2.725102242416982
(Intercept),-1.411368121047003e-5,7.795638809456576e-4,-0.0181045858529891,0.9855577039778327,7,Actor1,nominal,TRUE,FALSE,TRUE,return_bist ~ goldstein_a1 + event_count_a1_c + return_vix +     return_bist_lag1,1586,percent,-0.001411368121047003,0.07795638809456576
goldstein_a1,0.0018892697047921075,8.605524330676488e-4,2.1954149825099507,0.028278736145655146,7,Actor1,nominal,TRUE,FALSE,TRUE,return_bist ~ goldstein_a1 + event_count_a1_c + return_vix +     return_bist_lag1,1586,percent,0.18892697047921075,0.08605524330676488
event_count_a1_c,5.085821752292653e-7,6.039297854295721e-7,0.8421213649323711,0.39984738947037546,7,Actor1,nominal,TRUE,FALSE,TRUE,return_bist ~ goldstein_a1 + event_count_a1_c + return_vix +     return_bist_lag1,1586,percent,5.0858217522926524e-5,6.039297854295721e-5
return_vix,-0.038523660726265514,0.007593326200833384,-5.073357802281358,4.3699878639743024e-7,7,Actor1,nominal,TRUE,FALSE,TRUE,return_bist ~ goldstein_a1 + event_count_a1_c + return_vix +     return_bist_lag1,1586,percent,-3.8523660726265514,0.75933262008333835
return_bist_lag1,0.026906132211966638,0.027181326431576006,0.9898756147790609,0.3223863879619058,7,Actor1,nominal,TRUE,FALSE,TRUE,return_bist ~ goldstein_a1 + event_count_a1_c + return_vix +     return_bist_lag1,1586,percent,2.6906132211966636,2.7181326431576007
(Intercept),-6.557717618077914e-4,9.72792621986406e-4,-0.6741125980876892,0.5003382779182627,7,Actor2,nominal,TRUE,FALSE,TRUE,return_bist ~ goldstein_a2 + event_count_a2_c + return_vix +     return_bist_lag1,1586,percent,-0.06557717618077914,0.0972792621986406
goldstein_a2,0.0015148929713647368,6.568333998191733e-4,2.306358007649714,0.02121942543096431,7,Actor2,nominal,TRUE,FALSE,TRUE,return_bist ~ goldstein_a2 + event_count_a2_c + return_vix +     return_bist_lag1,1586,percent,0.1514892971364737,0.06568333998191733
event_count_a2_c,8.817939918136698e-7,7.767143464839494e-7,1.135287375346416,0.25642700878463875,7,Actor2,nominal,TRUE,FALSE,TRUE,return_bist ~ goldstein_a2 + event_count_a2_c + return_vix +     return_bist_lag1,1586,percent,8.817939918136698e-5,7.767143464839494e-5
return_vix,-0.038582261525712154,0.00762838564926126,-5.057722996666863,4.737586353702123e-7,7,Actor2,nominal,TRUE,FALSE,TRUE,return_bist ~ goldstein_a2 + event_count_a2_c + return_vix +     return_bist_lag1,1586,percent,-3.8582261525712154,0.762838564926126
return_bist_lag1,0.026224257277873288,0.02723027743839686,0.9630550895854992,0.3356671506955303,7,Actor2,nominal,TRUE,FALSE,TRUE,return_bist ~ goldstein_a2 + event_count_a2_c + return_vix +     return_bist_lag1,1586,percent,2.622425727787329,2.723027743839686
(Intercept),-8.57033552786596e-4,7.803641938101672e-4,-1.098248176408616,0.2722633587953292,7,Actor1,real,TRUE,FALSE,TRUE,real_return_bist ~ goldstein_a1 + event_count_a1_c + return_vix +     return_bist_lag1,1586,percent,-0.0857033552786596,0.07803641938101673
goldstein_a1,0.001757889270239237,8.610025833458437e-4,2.041677114844539,0.04134925692411657,7,Actor1,real,TRUE,FALSE,TRUE,real_return_bist ~ goldstein_a1 + event_count_a1_c + return_vix +     return_bist_lag1,1586,percent,0.17578892702392368,0.08610025833458437
event_count_a1_c,5.399755938325826e-7,5.993708467921484e-7,0.9009040007910776,0.36777657499141736,7,Actor1,real,TRUE,FALSE,TRUE,real_return_bist ~ goldstein_a1 + event_count_a1_c + return_vix +     return_bist_lag1,1586,percent,5.399755938325826e-5,5.9937084679214845e-5
return_vix,-0.03859188763415051,0.007577514504397882,-5.092948038799837,3.948129694657089e-7,7,Actor1,real,TRUE,FALSE,TRUE,real_return_bist ~ goldstein_a1 + event_count_a1_c + return_vix +     return_bist_lag1,1586,percent,-3.859188763415051,0.7577514504397882
return_bist_lag1,0.024114164809479453,0.02718804128793121,0.8869401276135235,0.37524603239118104,7,Actor1,real,TRUE,FALSE,TRUE,real_return_bist ~ goldstein_a1 + event_count_a1_c + return_vix +     return_bist_lag1,1586,percent,2.4114164809479455,2.718804128793121
(Intercept),-0.0013923957916821771,9.78875601649635e-4,-1.42244406677995,0.15509463998132705,7,Actor2,real,TRUE,FALSE,TRUE,real_return_bist ~ goldstein_a2 + event_count_a2_c + return_vix +     return_bist_lag1,1586,percent,-0.13923957916821772,0.0978875601649635
goldstein_a2,0.0013624738008808218,6.596503106621308e-4,2.0654485851954267,0.03904322736774133,7,Actor2,real,TRUE,FALSE,TRUE,real_return_bist ~ goldstein_a2 + event_count_a2_c + return_vix +     return_bist_lag1,1586,percent,0.13624738008808218,0.06596503106621308
event_count_a2_c,9.193950090414914e-7,7.712228273592146e-7,1.192126291424284,0.23339063290327638,7,Actor2,real,TRUE,FALSE,TRUE,real_return_bist ~ goldstein_a2 + event_count_a2_c + return_vix +     return_bist_lag1,1586,percent,9.193950090414915e-5,7.712228273592147e-5
return_vix,-0.03866331920644456,0.007610047026116189,-5.08056245562736,4.210014750001907e-7,7,Actor2,real,TRUE,FALSE,TRUE,real_return_bist ~ goldstein_a2 + event_count_a2_c + return_vix +     return_bist_lag1,1586,percent,-3.8663319206444555,0.7610047026116189
return_bist_lag1,0.023592617599049168,0.02723825228770625,0.8661575401332741,0.38653519634231304,7,Actor2,real,TRUE,FALSE,TRUE,real_return_bist ~ goldstein_a2 + event_count_a2_c + return_vix +     return_bist_lag1,1586,percent,2.359261759904917,2.723825228770625
(Intercept),-2.9104386468599663e-4,8.131337012066438e-4,-0.3579286705914467,0.720444473492982,7,Actor1,nominal,FALSE,TRUE,TRUE,return_bist ~ goldstein_a1 + event_count_a1_c + return_usdtry +     return_bist_lag1,1586,percent,-0.029104386468599662,0.08131337012066438
goldstein_a1,0.002137882181740556,8.869558309243265e-4,2.4103592390982955,0.01605035059900618,7,Actor1,nominal,FALSE,TRUE,TRUE,return_bist ~ goldstein_a1 + event_count_a1_c + return_usdtry +     return_bist_lag1,1586,percent,0.2137882181740556,0.08869558309243264
event_count_a1_c,3.478247865132131e-7,6.342192725401838e-7,0.5484298594713157,0.5834742093117139,7,Actor1,nominal,FALSE,TRUE,TRUE,return_bist ~ goldstein_a1 + event_count_a1_c + return_usdtry +     return_bist_lag1,1586,percent,3.478247865132131e-5,6.342192725401837e-5
return_usdtry,0.06670862607971657,0.10383619952007336,0.6424409443723971,0.5206800689571787,7,Actor1,nominal,FALSE,TRUE,TRUE,return_bist ~ goldstein_a1 + event_count_a1_c + return_usdtry +     return_bist_lag1,1586,percent,6.6708626079716575,10.383619952007336
return_bist_lag1,0.012029518689219648,0.02684331158540766,0.4481383994275518,0.6541147198363393,7,Actor1,nominal,FALSE,TRUE,TRUE,return_bist ~ goldstein_a1 + event_count_a1_c + return_usdtry +     return_bist_lag1,1586,percent,1.2029518689219647,2.684331158540766
(Intercept),-0.0010282973793341989,0.0010213277394996373,-1.0068240972657572,0.31417337793240774,7,Actor2,nominal,FALSE,TRUE,TRUE,return_bist ~ goldstein_a2 + event_count_a2_c + return_usdtry +     return_bist_lag1,1586,percent,-0.10282973793341989,0.10213277394996373
goldstein_a2,0.0017247997472738406,6.840878215181544e-4,2.521313335831791,0.011789396122516482,7,Actor2,nominal,FALSE,TRUE,TRUE,return_bist ~ goldstein_a2 + event_count_a2_c + return_usdtry +     return_bist_lag1,1586,percent,0.17247997472738405,0.06840878215181544
event_count_a2_c,7.097431733479069e-7,8.095399438434795e-7,0.8767240934131499,0.38076970965095513,7,Actor2,nominal,FALSE,TRUE,TRUE,return_bist ~ goldstein_a2 + event_count_a2_c + return_usdtry +     return_bist_lag1,1586,percent,7.097431733479069e-5,8.095399438434796e-5
return_usdtry,0.0649358766489905,0.10414837008554269,0.6234939307802432,0.5330499266816084,7,Actor2,nominal,FALSE,TRUE,TRUE,return_bist ~ goldstein_a2 + event_count_a2_c + return_usdtry +     return_bist_lag1,1586,percent,6.49358766489905,10.414837008554269
return_bist_lag1,0.01126485303033295,0.02699082605936756,0.41735858715681357,0.6764728083442385,7,Actor2,nominal,FALSE,TRUE,TRUE,return_bist ~ goldstein_a2 + event_count_a2_c + return_usdtry +     return_bist_lag1,1586,percent,1.126485303033295,2.6990826059367556
(Intercept),-0.001116490234844923,8.178077224999279e-4,-1.365223394359695,0.1723770723432437,7,Actor1,real,FALSE,TRUE,TRUE,real_return_bist ~ goldstein_a1 + event_count_a1_c + return_usdtry +     return_bist_lag1,1586,percent,-0.1116490234844923,0.08178077224999279
goldstein_a1,0.002004476809115258,8.872986853965261e-4,2.2590778529323243,0.024014251594750142,7,Actor1,real,FALSE,TRUE,TRUE,real_return_bist ~ goldstein_a1 + event_count_a1_c + return_usdtry +     return_bist_lag1,1586,percent,0.20044768091152582,0.08872986853965262
event_count_a1_c,3.788868880161904e-7,6.297279759627688e-7,0.601667549288919,0.5474817185825485,7,Actor1,real,FALSE,TRUE,TRUE,real_return_bist ~ goldstein_a1 + event_count_a1_c + return_usdtry +     return_bist_lag1,1586,percent,3.788868880161904e-5,6.297279759627689e-5
return_usdtry,0.05490654637005172,0.10815733129031874,0.5076544115411846,0.6117665345524426,7,Actor1,real,FALSE,TRUE,TRUE,real_return_bist ~ goldstein_a1 + event_count_a1_c + return_usdtry +     return_bist_lag1,1586,percent,5.490654637005172,10.815733129031873
return_bist_lag1,0.009028834949598882,0.026996098034467113,0.33444962816742513,0.7380846563253775,7,Actor1,real,FALSE,TRUE,TRUE,real_return_bist ~ goldstein_a1 + event_count_a1_c + return_usdtry +     return_bist_lag1,1586,percent,0.9028834949598882,2.699609803446711
(Intercept),-0.0017503491032985644,0.0010264792894058427,-1.7051967062206579,0.0883541871038187,7,Actor2,real,FALSE,TRUE,TRUE,real_return_bist ~ goldstein_a2 + event_count_a2_c + return_usdtry +     return_bist_lag1,1586,percent,-0.17503491032985644,0.10264792894058426
goldstein_a2,0.001573382405622356,6.857449280244852e-4,2.294413478427035,0.021897301647441393,7,Actor2,real,FALSE,TRUE,TRUE,real_return_bist ~ goldstein_a2 + event_count_a2_c + return_usdtry +     return_bist_lag1,1586,percent,0.15733824056223558,0.06857449280244853
event_count_a2_c,7.470536755428433e-7,8.042489575872348e-7,0.9288836105974216,0.3530912010457905,7,Actor2,real,FALSE,TRUE,TRUE,real_return_bist ~ goldstein_a2 + event_count_a2_c + return_usdtry +     return_bist_lag1,1586,percent,7.470536755428433e-5,8.042489575872348e-5
return_usdtry,0.05324915704082492,0.10842833668778036,0.49110000824005984,0.623423877173974,7,Actor2,real,FALSE,TRUE,TRUE,real_return_bist ~ goldstein_a2 + event_count_a2_c + return_usdtry +     return_bist_lag1,1586,percent,5.324915704082492,10.842833668778036
return_bist_lag1,0.008417409943644656,0.027143817190939522,0.31010413474396475,0.7565226388379926,7,Actor2,real,FALSE,TRUE,TRUE,real_return_bist ~ goldstein_a2 + event_count_a2_c + return_usdtry +     return_bist_lag1,1586,percent,0.8417409943644656,2.7143817190939523
(Intercept),-1.1870402073332426e-4,7.760861704249258e-4,-0.1529521144131855,0.8784555682021682,7,Actor1,nominal,TRUE,TRUE,TRUE,return_bist ~ goldstein_a1 + event_count_a1_c + return_vix +     return_usdtry + return_bist_lag1,1586,percent,-0.011870402073332426,0.07760861704249258
goldstein_a1,0.001903123360586833,8.561920059450936e-4,2.222776371856102,0.026371943809693998,7,Actor1,nominal,TRUE,TRUE,TRUE,return_bist ~ goldstein_a1 + event_count_a1_c + return_vix +     return_usdtry + return_bist_lag1,1586,percent,0.1903123360586833,0.08561920059450935
event_count_a1_c,5.09236556383765e-7,6.053944263227243e-7,0.8411649236299719,0.40038283225253246,7,Actor1,nominal,TRUE,TRUE,TRUE,return_bist ~ goldstein_a1 + event_count_a1_c + return_vix +     return_usdtry + return_bist_lag1,1586,percent,5.0923655638376496e-5,6.0539442632272426e-5
return_vix,-0.03861503622204641,0.007567782914885243,-5.102556013610488,3.756152063610827e-7,7,Actor1,nominal,TRUE,TRUE,TRUE,return_bist ~ goldstein_a1 + event_count_a1_c + return_vix +     return_usdtry + return_bist_lag1,1586,percent,-3.8615036222046406,0.7567782914885244
return_usdtry,0.0696799600036502,0.10964048050369342,0.6355313264182832,0.5251739749178592,7,Actor1,nominal,TRUE,TRUE,TRUE,return_bist ~ goldstein_a1 + event_count_a1_c + return_vix +     return_usdtry + return_bist_lag1,1586,percent,6.96799600036502,10.964048050369342
return_bist_lag1,0.02800988338080505,0.027135655431760143,1.032216946122543,0.30212846971475726,7,Actor1,nominal,TRUE,TRUE,TRUE,return_bist ~ goldstein_a1 + event_count_a1_c + return_vix +     return_usdtry + return_bist_lag1,1586,percent,2.800988338080505,2.7135655431760144
(Intercept),-7.435042341792865e-4,9.685129717031073e-4,-0.7676760723935909,0.4427943614113967,7,Actor2,nominal,TRUE,TRUE,TRUE,return_bist ~ goldstein_a2 + event_count_a2_c + return_vix +     return_usdtry + return_bist_lag1,1586,percent,-0.07435042341792865,0.09685129717031074
goldstein_a2,0.001511139322246959,6.594243024946588e-4,2.291603928654417,0.022059545453220333,7,Actor2,nominal,TRUE,TRUE,TRUE,return_bist ~ goldstein_a2 + event_count_a2_c + return_vix +     return_usdtry + return_bist_lag1,1586,percent,0.1511139322246959,0.06594243024946587
event_count_a2_c,8.818071824936228e-7,7.785831014943129e-7,1.132579400710335,0.2575627660619664,7,Actor2,nominal,TRUE,TRUE,TRUE,return_bist ~ goldstein_a2 + event_count_a2_c + return_vix +     return_usdtry + return_bist_lag1,1586,percent,8.818071824936229e-5,7.78583101494313e-5
return_vix,-0.038677071369315474,0.007600703346101928,-5.0886174092232235,4.0381422271271695e-7,7,Actor2,nominal,TRUE,TRUE,TRUE,return_bist ~ goldstein_a2 + event_count_a2_c + return_vix +     return_usdtry + return_bist_lag1,1586,percent,-3.867707136931547,0.7600703346101928
return_usdtry,0.06809835473824344,0.10994044427877366,0.6194113111419478,0.535734736135565,7,Actor2,nominal,TRUE,TRUE,TRUE,return_bist ~ goldstein_a2 + event_count_a2_c + return_vix +     return_usdtry + return_bist_lag1,1586,percent,6.809835473824344,10.994044427877366
return_bist_lag1,0.027325460669297478,0.027184025400244387,1.005202881728172,0.3149530841505428,7,Actor2,nominal,TRUE,TRUE,TRUE,return_bist ~ goldstein_a2 + event_count_a2_c + return_vix +     return_usdtry + return_bist_lag1,1586,percent,2.7325460669297477,2.7184025400244387
(Intercept),-9.439149419991756e-4,7.814278830619677e-4,-1.207936090404804,0.22725261727274357,7,Actor1,real,TRUE,TRUE,TRUE,real_return_bist ~ goldstein_a1 + event_count_a1_c + return_vix +     return_usdtry + return_bist_lag1,1586,percent,-0.09439149419991756,0.07814278830619678
goldstein_a1,0.0017693972629143698,8.564385189601008e-4,2.065994492007197,0.038991683800963226,7,Actor1,real,TRUE,TRUE,TRUE,real_return_bist ~ goldstein_a1 + event_count_a1_c + return_vix +     return_usdtry + return_bist_lag1,1586,percent,0.17693972629143698,0.08564385189601008
event_count_a1_c,5.405191769592541e-7,6.006629925071764e-7,0.8998709487713217,0.3683260591475057,7,Actor1,real,TRUE,TRUE,TRUE,real_return_bist ~ goldstein_a1 + event_count_a1_c + return_vix +     return_usdtry + return_bist_lag1,1586,percent,5.405191769592541e-5,6.0066299250717634e-5
return_vix,-0.03866779168083063,0.0075553054419572625,-5.117965379148646,3.4665471725589443e-7,7,Actor1,real,TRUE,TRUE,TRUE,real_return_bist ~ goldstein_a1 + event_count_a1_c + return_vix +     return_usdtry + return_bist_lag1,1586,percent,-3.8667791680830628,0.7555305441957263
return_usdtry,0.05788193969932851,0.11400476379620365,0.5077150969129588,0.6117240238202066,7,Actor1,real,TRUE,TRUE,TRUE,real_return_bist ~ goldstein_a1 + event_count_a1_c + return_vix +     return_usdtry + return_bist_lag1,1586,percent,5.788193969932851,11.400476379620365
return_bist_lag1,0.025031031848358466,0.027240340584718508,0.9188957006800628,0.3582903844503825,7,Actor1,real,TRUE,TRUE,TRUE,real_return_bist ~ goldstein_a1 + event_count_a1_c + return_vix +     return_usdtry + return_bist_lag1,1586,percent,2.5031031848358465,2.724034058471851
(Intercept),-0.0014650788549426567,9.756337977061877e-4,-1.501668821218784,0.1333824738959655,7,Actor2,real,TRUE,TRUE,TRUE,real_return_bist ~ goldstein_a2 + event_count_a2_c + return_vix +     return_usdtry + return_bist_lag1,1586,percent,-0.14650788549426566,0.09756337977061877
goldstein_a2,0.001359364043354215,6.623332430301899e-4,2.052386857611273,0.040296514092910886,7,Actor2,real,TRUE,TRUE,TRUE,real_return_bist ~ goldstein_a2 + event_count_a2_c + return_vix +     return_usdtry + return_bist_lag1,1586,percent,0.1359364043354215,0.066233324303019
event_count_a2_c,9.1940593702516215e-07,7.728370078296127e-7,1.189650505489074,0.2343625223517956,7,Actor2,real,TRUE,TRUE,TRUE,real_return_bist ~ goldstein_a2 + event_count_a2_c + return_vix +     return_usdtry + return_bist_lag1,1586,percent,9.194059370251622e-5,7.728370078296127e-5
return_vix,-0.03874186560635857,0.007585990062236139,-5.107028257157846,3.6697763844176673e-7,7,Actor2,real,TRUE,TRUE,TRUE,real_return_bist ~ goldstein_a2 + event_count_a2_c + return_vix +     return_usdtry + return_bist_lag1,1586,percent,-3.8741865606358568,0.7585990062236139
return_usdtry,0.056416933110191116,0.11427124470292618,0.49371067285439685,0.6215791475525062,7,Actor2,real,TRUE,TRUE,TRUE,real_return_bist ~ goldstein_a2 + event_count_a2_c + return_vix +     return_usdtry + return_bist_lag1,1586,percent,5.641693311019112,11.427124470292618
return_bist_lag1,0.024504923312065132,0.02729390445202556,0.8978167031813783,0.36942006558164764,7,Actor2,real,TRUE,TRUE,TRUE,real_return_bist ~ goldstein_a2 + event_count_a2_c + return_vix +     return_usdtry + return_bist_lag1,1586,percent,2.450492331206513,2.729390445202556
