term,estimate,std_error,statistic,p_value,hac_lag,role,timing,model,outcome,N,event_count_sample_mean,centered_mean_check,estimate_reported,std_error_reported,return_unit
(Intercept),0.01127763883271448,7.43528675608261e-4,15.16772547271098,1.2948265036693898e-48,7,Actor1,reaction,role_specific,abs_return_bist,1585,1812.6485804416404,-6.58455414272923e-14,1.127763883271448,0.0743528675608261,percent
goldstein_a1,1.460624542724921e-4,6.485626906302695e-4,0.22520946144859094,0.8218454715128859,7,Actor1,reaction,role_specific,abs_return_bist,1585,1812.6485804416404,-6.58455414272923e-14,0.01460624542724921,0.06485626906302695,percent
event_count_c,1.7164723818293754e-6,4.774879313690172e-7,3.594797415943133,3.3462321415048097e-4,7,Actor1,reaction,role_specific,abs_return_bist,1585,1812.6485804416404,-6.58455414272923e-14,1.7164723818293754e-4,4.774879313690173e-5,percent
return_vix,0.0092031171028499,0.006486768217178642,1.4187522653387958,0.1561686014746134,7,Actor1,reaction,role_specific,abs_return_bist,1585,1812.6485804416404,-6.58455414272923e-14,0.92031171028499,0.6486768217178642,percent
return_usdtry,0.010152612258320504,0.10313358507812878,0.0984413782438514,0.9215943138120744,7,Actor1,reaction,role_specific,abs_return_bist,1585,1812.6485804416404,-6.58455414272923e-14,1.0152612258320504,10.313358507812879,percent
abs_return_bist_lag1,0.08925940785216287,0.03515359202310459,2.539126237611718,0.011208234444311719,7,Actor1,reaction,role_specific,abs_return_bist,1585,1812.6485804416404,-6.58455414272923e-14,8.925940785216287,3.515359202310459,percent
(Intercept),0.010941210147950152,9.481043827693502e-4,11.540090254610574,1.2323570283234882e-29,7,Actor2,reaction,role_specific,abs_return_bist,1585,1299.5678233438487,-7.068129817851016e-14,1.0941210147950151,0.09481043827693503,percent
goldstein_a2,3.504861261225053e-4,5.387238793300622e-4,0.6505858373279413,0.515408526696385,7,Actor2,reaction,role_specific,abs_return_bist,1585,1299.5678233438487,-7.068129817851016e-14,0.03504861261225053,0.053872387933006215,percent
event_count_c,2.293688877767254e-6,6.584848015664876e-7,3.4832829433735357,5.08821184987577e-4,7,Actor2,reaction,role_specific,abs_return_bist,1585,1299.5678233438487,-7.068129817851016e-14,2.2936888777672537e-4,6.584848015664876e-5,percent
return_vix,0.00950081297375403,0.006516342620933007,1.4579977644566682,0.14504001919405488,7,Actor2,reaction,role_specific,abs_return_bist,1585,1299.5678233438487,-7.068129817851016e-14,0.9500812973754029,0.6516342620933007,percent
return_usdtry,0.009955861706722626,0.1029500795842454,0.09670572132560241,0.9229723685088507,7,Actor2,reaction,role_specific,abs_return_bist,1585,1299.5678233438487,-7.068129817851016e-14,0.9955861706722626,10.29500795842454,percent
abs_return_bist_lag1,0.08770818970546086,0.035607829178186376,2.463171491487371,0.013877419917308892,7,Actor2,reaction,role_specific,abs_return_bist,1585,1299.5678233438487,-7.068129817851016e-14,8.770818970546086,3.5607829178186376,percent
(Intercept),0.010967105543109,7.529707206885155e-4,14.565115537401894,3.470083436803565e-45,7,Actor1,prediction,role_specific,abs_return_bist,1585,1814.0946372239748,-6.240588137383848e-14,1.0967105543109,0.07529707206885156,percent
goldstein_a1_lag1,5.123770372737878e-4,6.17758694610372e-4,0.8294129111318301,0.406996164530147,7,Actor1,prediction,role_specific,abs_return_bist,1585,1814.0946372239748,-6.240588137383848e-14,0.051237703727378785,0.0617758694610372,percent
event_count_c,-1.9555984833306817e-7,3.2238155133992075e-7,-0.6066099239247995,0.5441970162129743,7,Actor1,prediction,role_specific,abs_return_bist,1585,1814.0946372239748,-6.240588137383848e-14,-1.9555984833306816e-5,3.223815513399208e-5,percent
return_vix,0.01093502185859175,0.006690736167261099,1.6343525712609408,0.10238417823801071,7,Actor1,prediction,role_specific,abs_return_bist,1585,1814.0946372239748,-6.240588137383848e-14,1.093502185859175,0.6690736167261099,percent
return_usdtry,0.009636938526455453,0.10350145465362953,0.09310920854886275,0.9258286138224279,7,Actor1,prediction,role_specific,abs_return_bist,1585,1814.0946372239748,-6.240588137383848e-14,0.9636938526455453,10.350145465362953,percent
abs_return_bist_lag1,0.09326146347245355,0.03581798044968553,2.603761080373038,0.009307145260223233,7,Actor1,prediction,role_specific,abs_return_bist,1585,1814.0946372239748,-6.240588137383848e-14,9.326146347245356,3.581798044968553,percent
(Intercept),0.010577997588401477,9.050365110949782e-4,11.687923590622278,2.5046796249995457e-30,7,Actor2,prediction,role_specific,abs_return_bist,1585,1300.5766561514195,1.1085062065599476e-13,1.0577997588401478,0.09050365110949782,percent
goldstein_a2_lag1,5.902170603061768e-4,5.312717698673398e-4,1.1109512942002466,0.26675845175966484,7,Actor2,prediction,role_specific,abs_return_bist,1585,1300.5766561514195,1.1085062065599476e-13,0.05902170603061768,0.053127176986733984,percent
event_count_c,-1.4178969661297443e-7,4.4033950126596334e-7,-0.3220008566238849,0.7474946689307564,7,Actor2,prediction,role_specific,abs_return_bist,1585,1300.5766561514195,1.1085062065599476e-13,-1.4178969661297444e-5,4.4033950126596333e-5,percent
return_vix,0.010920793846877774,0.006699297937806288,1.6301400457573665,0.1032713466279845,7,Actor2,prediction,role_specific,abs_return_bist,1585,1300.5766561514195,1.1085062065599476e-13,1.0920793846877774,0.6699297937806288,percent
return_usdtry,0.009951430568466887,0.10345467126246582,0.0961912154089203,0.9233809140034568,7,Actor2,prediction,role_specific,abs_return_bist,1585,1300.5766561514195,1.1085062065599476e-13,0.9951430568466887,10.345467126246582,percent
abs_return_bist_lag1,0.0915324939353086,0.03649775567014114,2.5078937664704535,0.012244957786088084,7,Actor2,prediction,role_specific,abs_return_bist,1585,1300.5766561514195,1.1085062065599476e-13,9.15324939353086,3.649775567014114,percent
(Intercept),0.011452180768048378,8.976258263841202e-4,12.758301322702424,2.1782948094975898e-36,NA,Pooled,reaction,pooled_interaction_HAC,abs_return_bist,3170,1556.1082018927445,-7.144236131531195e-14,1.1452180768048377,0.08976258263841203,percent
goldstein,3.301550094321722e-4,5.336449655969933e-4,0.6186791419700266,0.5361723181865594,NA,Pooled,reaction,pooled_interaction_HAC,abs_return_bist,3170,1556.1082018927445,-7.144236131531195e-14,0.03301550094321722,0.05336449655969933,percent
role_dummy,-6.70916036617352e-4,0.0010146133948789324,-0.6612528870638538,0.508498327351036,NA,Pooled,reaction,pooled_interaction_HAC,abs_return_bist,3170,1556.1082018927445,-7.144236131531195e-14,-0.0670916036617352,0.10146133948789324,percent
event_count_c,1.9318112883226037e-6,3.925985538684919e-7,4.9205766788680005,9.07018440458482e-7,NA,Pooled,reaction,pooled_interaction_HAC,abs_return_bist,3170,1556.1082018927445,-7.144236131531195e-14,1.9318112883226038e-4,3.925985538684919e-5,percent
return_vix,0.009358451007942746,0.004659451686642049,2.0084876155647295,0.044676378476853,NA,Pooled,reaction,pooled_interaction_HAC,abs_return_bist,3170,1556.1082018927445,-7.144236131531195e-14,0.9358451007942745,0.4659451686642049,percent
return_usdtry,0.010065777848357231,0.07213677333064648,0.13953740074039186,0.889034390148432,NA,Pooled,reaction,pooled_interaction_HAC,abs_return_bist,3170,1556.1082018927445,-7.144236131531195e-14,1.0065777848357231,7.213677333064648,percent
abs_return_bist_lag1,0.08860440157201104,0.02506678576077449,3.5347332688606112,4.1403895315219013e-4,NA,Pooled,reaction,pooled_interaction_HAC,abs_return_bist,3170,1556.1082018927445,-7.144236131531195e-14,8.860440157201104,2.506678576077449,percent
goldstein:role_dummy,-1.714051124797897e-4,8.369075434800317e-4,-0.20480770404703535,0.837735549714867,NA,Pooled,reaction,pooled_interaction_HAC,abs_return_bist,3170,1556.1082018927445,-7.144236131531195e-14,-0.01714051124797897,0.08369075434800317,percent
(Intercept),0.010524274627709268,8.734081410876719e-4,12.049663991685705,1.0037504595034017e-32,NA,Pooled,prediction,pooled_interaction_HAC,abs_return_bist,3170,1557.3356466876971,1.519930343520187e-14,1.052427462770927,0.08734081410876719,percent
goldstein,5.882302357372419e-4,5.320280449269573e-4,1.1056376470116358,0.26896750356702337,NA,Pooled,prediction,pooled_interaction_HAC,abs_return_bist,3170,1557.3356466876971,1.519930343520187e-14,0.058823023573724195,0.053202804492695724,percent
role_dummy,4.970684760973996e-4,9.964116932508638e-4,0.49885853354016596,0.6179137497546316,NA,Pooled,prediction,pooled_interaction_HAC,abs_return_bist,3170,1557.3356466876971,1.519930343520187e-14,0.04970684760973996,0.09964116932508638,percent
event_count_c,-1.7538996182562827e-7,2.6375215192751583e-7,-0.6649802117020407,0.5061116457258035,NA,Pooled,prediction,pooled_interaction_HAC,abs_return_bist,3170,1557.3356466876971,1.519930343520187e-14,-1.7538996182562825e-5,2.6375215192751582e-5,percent
return_vix,0.010928519741113757,0.004794878945354138,2.279206600555085,0.022721143239763653,NA,Pooled,prediction,pooled_interaction_HAC,abs_return_bist,3170,1557.3356466876971,1.519930343520187e-14,1.0928519741113756,0.47948789453541374,percent
return_usdtry,0.009790062005795732,0.07257121871879062,0.1349028193081843,0.8926972966759057,NA,Pooled,prediction,pooled_interaction_HAC,abs_return_bist,3170,1557.3356466876971,1.519930343520187e-14,0.9790062005795732,7.257121871879062,percent
abs_return_bist_lag1,0.09245112862120365,0.025558994642763646,3.617166086279483,3.025030407578468e-4,NA,Pooled,prediction,pooled_interaction_HAC,abs_return_bist,3170,1557.3356466876971,1.519930343520187e-14,9.245112862120365,2.5558994642763646,percent
goldstein:role_dummy,-7.480444236495608e-5,8.147412776182578e-4,-0.09181373820120263,0.9268518446534795,NA,Pooled,prediction,pooled_interaction_HAC,abs_return_bist,3170,1557.3356466876971,1.519930343520187e-14,-0.007480444236495608,0.08147412776182578,percent
Actor1_(Intercept),0.011363037445704107,4.380951374397582e-4,25.93737404188062,2.5242662239531365e-148,NA,SUR,reaction,SUR,abs_return_bist,1585,NA,NA,1.1363037445704107,0.04380951374397582,percent
Actor1_goldstein_a1,1.1905349550798067e-5,3.2162107899800925e-5,0.3701669550978578,0.7112580965594113,NA,SUR,reaction,SUR,abs_return_bist,1585,NA,NA,0.0011905349550798067,0.0032162107899800924,percent
Actor1_event_a1_c,7.212014402753537e-8,5.2095670654008736e-8,1.3843788384358913,0.16624248511400483,NA,SUR,reaction,SUR,abs_return_bist,1585,NA,NA,7.212014402753537e-6,5.209567065400874e-6,percent
Actor1_return_vix,0.010648235247158626,0.003856917783434048,2.7608146828781646,0.0057657382372848535,NA,SUR,reaction,SUR,abs_return_bist,1585,NA,NA,1.0648235247158626,0.38569177834340485,percent
Actor1_return_usdtry,0.010137992714662689,0.029729458234140835,0.3410083236236165,0.7330973155735474,NA,SUR,reaction,SUR,abs_return_bist,1585,NA,NA,1.013799271466269,2.9729458234140838,percent
Actor1_abs_return_bist_lag1,0.08995251908985095,0.024695614462395928,3.6424491168997584,2.7005637119715214e-4,NA,SUR,reaction,SUR,abs_return_bist,1585,NA,NA,8.995251908985095,2.469561446239593,percent
Actor2_(Intercept),0.01136714981864316,4.384375289204297e-4,25.926498232559236,3.348121254585712e-148,NA,SUR,reaction,SUR,abs_return_bist,1585,NA,NA,1.136714981864316,0.043843752892042974,percent
Actor2_goldstein_a2,3.87796509095479e-6,2.6763730847122707e-5,0.1448962819535939,0.8847927620282137,NA,SUR,reaction,SUR,abs_return_bist,1585,NA,NA,3.8779650909547903e-4,0.0026763730847122707,percent
Actor2_event_a2_c,9.573880951276896e-8,6.74425320072245e-8,1.4195613163294838,0.15573543404922416,NA,SUR,reaction,SUR,abs_return_bist,1585,NA,NA,9.573880951276896e-6,6.74425320072245e-6,percent
Actor2_return_vix,0.010655264473932873,0.003852969697366196,2.7654680184006053,0.005684117845516257,NA,SUR,reaction,SUR,abs_return_bist,1585,NA,NA,1.0655264473932873,0.3852969697366196,percent
Actor2_return_usdtry,0.010127069453971084,0.029699528269404273,0.3409841854088889,0.7331154872779755,NA,SUR,reaction,SUR,abs_return_bist,1585,NA,NA,1.0127069453971083,2.9699528269404274,percent
Actor2_abs_return_bist_lag1,0.0898928972358232,0.024670827918081627,3.643691956115478,2.687550478558533e-4,NA,SUR,reaction,SUR,abs_return_bist,1585,NA,NA,8.989289723582319,2.4670827918081626,percent
Actor1_(Intercept),0.011370454801011414,4.436575513751057e-4,25.62889950992374,7.268607964966504e-145,NA,SUR,prediction,SUR,abs_return_bist,1585,NA,NA,1.1370454801011414,0.04436575513751057,percent
Actor1_goldstein_a1_lag1,3.6368129971084825e-7,1.8942985467148845e-5,0.01919873191802574,0.9846825692000345,NA,SUR,prediction,SUR,abs_return_bist,1585,NA,NA,3.6368129971084826e-05,0.0018942985467148845,percent
Actor1_event_a1_c,-1.850279457464562e-9,3.107037781663658e-8,-0.05955123778616664,0.9525130560044874,NA,SUR,prediction,SUR,abs_return_bist,1585,NA,NA,-1.850279457464562e-7,3.1070377816636577e-6,percent
Actor1_return_vix,0.010711017259475066,0.00390921483705381,2.7399408080491816,0.006145025018551025,NA,SUR,prediction,SUR,abs_return_bist,1585,NA,NA,1.0711017259475066,0.39092148370538105,percent
Actor1_return_usdtry,0.010128224325499565,0.030134427069661098,0.3361014397946365,0.7367943727202686,NA,SUR,prediction,SUR,abs_return_bist,1585,NA,NA,1.0128224325499564,3.0134427069661096,percent
Actor1_abs_return_bist_lag1,0.090010975381599,0.02503720206165156,3.5950892260227856,3.2428041762563853e-4,NA,SUR,prediction,SUR,abs_return_bist,1585,NA,NA,9.0010975381599,2.503720206165156,percent
Actor2_(Intercept),0.011369961893915216,4.439033867924314e-4,25.613595733235066,1.0764591150775946e-144,NA,SUR,prediction,SUR,abs_return_bist,1585,NA,NA,1.1369961893915215,0.04439033867924314,percent
Actor2_goldstein_a2_lag1,5.690407321049182e-7,1.5783115212139563e-5,0.03605376533444052,0.9712394882559984,NA,SUR,prediction,SUR,abs_return_bist,1585,NA,NA,5.6904073210491817e-5,0.0015783115212139563,percent
Actor2_event_a2_c,-2.384060659460731e-9,4.0304201282015434e-8,-0.05915166616946576,0.9528313069976956,NA,SUR,prediction,SUR,abs_return_bist,1585,NA,NA,-2.384060659460731e-7,4.030420128201544e-6,percent
Actor2_return_vix,0.010710923806148517,0.003908740708086213,2.7402492531649076,0.0061392606696612706,NA,SUR,prediction,SUR,abs_return_bist,1585,NA,NA,1.0710923806148516,0.3908740708086213,percent
Actor2_return_usdtry,0.010128877865658395,0.03013082164176541,0.3361633474879555,0.7367476906287249,NA,SUR,prediction,SUR,abs_return_bist,1585,NA,NA,1.0128877865658394,3.013082164176541,percent
Actor2_abs_return_bist_lag1,0.09001129871841271,0.025034552900106078,3.5954825747270007,3.2379080223930153e-4,NA,SUR,prediction,SUR,abs_return_bist,1585,NA,NA,9.00112987184127,2.5034552900106077,percent
