date,bist100_close
2020-01-02,1159.321044921875
2020-01-03,1136.8399658203125
2020-01-06,1114.126953125
2020-01-07,1125.9990234375
2020-01-08,1128.760986328125
2020-01-09,1179.905029296875
2020-01-10,1186.636962890625
2020-01-13,1202.489990234375
2020-01-14,1214.2330322265625
2020-01-15,1209.387939453125
2020-01-16,1210.009033203125
2020-01-17,1214.748046875
2020-01-20,1226.197998046875
2020-01-21,1235.56103515625
2020-01-22,1227.470947265625
2020-01-23,1225.4019775390625
2020-01-24,1221.41796875
2020-01-27,1201.4969482421875
2020-01-28,1198.0159912109375
2020-01-29,1196.89501953125
2020-01-30,1198.4969482421875
2020-01-31,1191.4010009765625
2020-02-03,1192.427978515625
2020-02-04,1221.362060546875
2020-02-05,1223.2080078125
2020-02-06,1222.8389892578125
2020-02-07,1210.1510009765625
2020-02-10,1183.4150390625
2020-02-11,1197.97802734375
2020-02-12,1200.487060546875
2020-02-13,1205.405029296875
2020-02-14,1201.5140380859375
2020-02-17,1207.9189453125
2020-02-18,1195.740966796875
2020-02-19,1191.9610595703125
2020-02-20,1156.4200439453125
2020-02-21,1168.2939453125
2020-02-24,1147.8919677734375
2020-02-25,1143.64501953125
2020-02-26,1151.7130126953125
2020-02-27,1104.1839599609375
2020-02-28,1059.93701171875
2020-03-02,1073.0989990234375
2020-03-03,1112.072998046875
2020-03-04,1107.85400390625
2020-03-05,1118.1510009765625
2020-03-06,1096.0050048828125
2020-03-09,1035.239990234375
2020-03-10,1010.625
2020-03-11,1009.6630249023438
2020-03-12,936.39501953125
2020-03-13,956.052001953125
2020-03-16,878.8829956054688
2020-03-17,867.7769775390625
2020-03-18,855.7659912109375
2020-03-19,851.9539794921875
2020-03-20,857.9580078125
2020-03-23,842.4619750976562
2020-03-24,892.8619995117188
2020-03-25,890.6300048828125
2020-03-26,915.2760009765625
2020-03-27,881.25
2020-03-30,880.594970703125
2020-03-31,896.43701171875
2020-04-01,890.8510131835938
2020-04-02,895.1090087890625
2020-04-03,895.5260009765625
2020-04-06,920.7109985351562
2020-04-07,923.8179931640625
2020-04-08,932.2520141601562
2020-04-09,958.343994140625
2020-04-10,964.7100219726562
2020-04-13,963.9860229492188
2020-04-14,985.4979858398438
2020-04-15,958.5490112304688
2020-04-16,962.4910278320312
2020-04-17,981.7979736328125
2020-04-20,989.458984375
2020-04-21,976.1900024414062
2020-04-22,981.7100219726562
2020-04-24,987.5900268554688
2020-04-27,1012.6740112304688
2020-04-28,1007.0750122070312
2020-04-29,1015.9530029296875
2020-04-30,1011.1010131835938
2020-05-04,988.4219970703125
2020-05-05,987.375
2020-05-06,985.7150268554688
2020-05-07,983.9879760742188
2020-05-08,978.4520263671875
2020-05-11,977.9219970703125
2020-05-12,996.1589965820312
2020-05-13,1001.5910034179688
2020-05-14,991.9299926757812
2020-05-15,997.6820068359375
2020-05-18,1019.8300170898438
2020-05-20,1021.5750122070312
2020-05-21,1026.489013671875
2020-05-22,1030.2430419921875
2020-05-27,1049.5350341796875
2020-05-28,1053.5980224609375
2020-05-29,1055.2049560546875
2020-06-01,1072.6619873046875
2020-06-02,1080.9730224609375
2020-06-03,1091.113037109375
2020-06-04,1095.3690185546875
2020-06-05,1100.218017578125
2020-06-08,1096.3709716796875
2020-06-09,1092.364990234375
2020-06-10,1097.7889404296875
2020-06-11,1091.553955078125
2020-06-12,1098.35498046875
2020-06-15,1095.56005859375
2020-06-16,1109.39697265625
2020-06-17,1109.4000244140625
2020-06-18,1124.946044921875
2020-06-19,1136.1190185546875
2020-06-22,1151.9010009765625
2020-06-23,1153.3890380859375
2020-06-24,1144.489013671875
2020-06-25,1141.3900146484375
2020-06-26,1146.6839599609375
2020-06-29,1158.4300537109375
2020-06-30,1165.248046875
2020-07-01,1153.1500244140625
2020-07-02,1169.0780029296875
2020-07-03,1157.4849853515625
2020-07-06,1184.85205078125
2020-07-07,1193.3890380859375
2020-07-08,1187.125
2020-07-09,1157.93603515625
2020-07-10,1148.0860595703125
2020-07-13,1183.987060546875
2020-07-14,1177.4110107421875
2020-07-16,1188.074951171875
2020-07-17,1187.8609619140625
2020-07-20,1192.8089599609375
2020-07-21,1180.4200439453125
2020-07-22,1180.7989501953125
2020-07-23,1190.31201171875
2020-07-24,1192.0159912109375
2020-07-27,1195.699951171875
2020-07-28,1152.699951171875
2020-07-29,1135.5999755859375
2020-07-30,1126.9000244140625
2020-08-04,1087.199951171875
2020-08-05,1091.800048828125
2020-08-06,1034.4000244140625
2020-08-07,1060.5999755859375
2020-08-10,1075.5
2020-08-11,1110.0999755859375
2020-08-12,1114.199951171875
2020-08-13,1100.300048828125
2020-08-14,1083.800048828125
2020-08-17,1086.199951171875
2020-08-18,1092.5
2020-08-19,1124.699951171875
2020-08-20,1126.800048828125
2020-08-21,1109.9000244140625
2020-08-24,1108.4000244140625
2020-08-25,1092.199951171875
2020-08-26,1099.0
2020-08-27,1108.9000244140625
2020-08-28,1100.5999755859375
2020-08-31,1078.5999755859375
2020-09-01,1085.199951171875
2020-09-02,1083.9000244140625
2020-09-03,1076.300048828125
2020-09-04,1086.300048828125
2020-09-07,1096.800048828125
2020-09-08,1089.5999755859375
2020-09-09,1099.699951171875
2020-09-10,1099.0999755859375
2020-09-11,1102.699951171875
2020-09-14,1107.300048828125
2020-09-15,1111.199951171875
2020-09-16,1107.0999755859375
2020-09-17,1110.699951171875
2020-09-18,1112.0
2020-09-21,1087.0
2020-09-22,1096.199951171875
2020-09-23,1102.699951171875
2020-09-24,1119.5999755859375
2020-09-25,1124.199951171875
2020-09-28,1121.199951171875
2020-09-29,1123.300048828125
2020-09-30,1145.199951171875
2020-10-01,1143.5
2020-10-02,1145.0
2020-10-05,1160.699951171875
2020-10-06,1153.699951171875
2020-10-07,1152.4000244140625
2020-10-08,1150.5
2020-10-09,1165.699951171875
2020-10-12,1178.4000244140625
2020-10-13,1174.699951171875
2020-10-14,1189.300048828125
2020-10-15,1180.4000244140625
2020-10-16,1192.699951171875
2020-10-19,1205.4000244140625
2020-10-20,1210.4000244140625
2020-10-21,1211.5
2020-10-22,1198.300048828125
2020-10-23,1190.5999755859375
2020-10-26,1144.5
2020-10-27,1152.5999755859375
2020-10-28,1127.0
2020-10-30,1112.4000244140625
2020-11-02,1133.5999755859375
2020-11-03,1150.699951171875
2020-11-04,1167.699951171875
2020-11-05,1180.0
2020-11-06,1192.0
2020-11-09,1231.5
2020-11-10,1243.0
2020-11-11,1279.199951171875
2020-11-12,1271.800048828125
2020-11-13,1291.300048828125
2020-11-16,1293.0
2020-11-17,1259.699951171875
2020-11-18,1294.699951171875
2020-11-19,1313.0
2020-11-20,1324.0
2020-11-23,1314.300048828125
2020-11-24,1321.0
2020-11-25,1325.5
2020-11-26,1342.5
2020-11-27,1328.699951171875
2020-11-30,1283.5999755859375
2020-12-01,1325.300048828125
2020-12-02,1325.5
2020-12-03,1330.9000244140625
2020-12-04,1330.9000244140625
2020-12-07,1329.9000244140625
2020-12-08,1339.9000244140625
2020-12-09,1350.300048828125
2020-12-10,1353.4000244140625
2020-12-11,1370.699951171875
2020-12-14,1388.5999755859375
2020-12-15,1395.4000244140625
2020-12-16,1392.5
2020-12-17,1399.4000244140625
2020-12-18,1408.300048828125
2020-12-21,1384.4000244140625
2020-12-22,1405.0
2020-12-23,1417.699951171875
2020-12-24,1426.0
2020-12-28,1439.300048828125
2020-12-29,1459.699951171875
2020-12-30,1479.9000244140625
2020-12-31,1476.699951171875
2021-01-04,1495.4000244140625
2021-01-05,1489.5999755859375
2021-01-06,1505.4000244140625
2021-01-07,1522.199951171875
2021-01-08,1540.5999755859375
2021-01-11,1536.199951171875
2021-01-12,1549.5
2021-01-13,1559.300048828125
2021-01-14,1546.5999755859375
2021-01-15,1524.5
2021-01-18,1556.800048828125
2021-01-19,1565.0
2021-01-20,1569.4000244140625
2021-01-21,1551.5999755859375
2021-01-22,1542.5
2021-01-25,1540.199951171875
2021-01-26,1536.0999755859375
2021-01-27,1467.0
2021-01-28,1498.300048828125
2021-01-29,1473.5
2021-02-01,1492.5
2021-02-02,1511.4000244140625
2021-02-03,1533.5999755859375
2021-02-04,1534.9000244140625
2021-02-05,1527.199951171875
2021-02-08,1534.9000244140625
2021-02-09,1544.0999755859375
2021-02-10,1547.0999755859375
2021-02-11,1545.5999755859375
2021-02-12,1538.4000244140625
2021-02-15,1562.5
2021-02-16,1542.800048828125
2021-02-17,1540.5999755859375
2021-02-18,1546.4000244140625
2021-02-19,1560.300048828125
2021-02-22,1550.5999755859375
2021-02-23,1517.9000244140625
2021-02-24,1483.0
2021-02-25,1488.199951171875
2021-02-26,1471.4000244140625
2021-03-01,1527.5
2021-03-02,1528.800048828125
2021-03-03,1531.0999755859375
2021-03-04,1538.0
2021-03-05,1542.0
2021-03-08,1530.300048828125
2021-03-09,1549.199951171875
2021-03-10,1564.9000244140625
2021-03-11,1556.5
2021-03-12,1557.4000244140625
2021-03-15,1555.5
2021-03-16,1570.4000244140625
2021-03-17,1562.0999755859375
2021-03-18,1550.9000244140625
2021-03-19,1529.0
2021-03-22,1379.300048828125
2021-03-23,1377.4000244140625
2021-03-24,1413.9000244140625
2021-03-25,1394.4000244140625
2021-03-26,1382.199951171875
2021-03-29,1392.5999755859375
2021-03-30,1395.800048828125
2021-03-31,1391.699951171875
2021-04-01,1426.5999755859375
2021-04-05,1442.0999755859375
2021-04-06,1420.5999755859375
2021-04-07,1417.9000244140625
2021-04-08,1416.5999755859375
2021-04-09,1393.199951171875
2021-04-12,1375.9000244140625
2021-04-13,1378.4000244140625
2021-04-14,1409.199951171875
2021-04-15,1407.800048828125
2021-04-16,1408.0999755859375
2021-04-19,1377.199951171875
2021-04-20,1365.300048828125
2021-04-21,1330.5
2021-04-22,1345.199951171875
2021-04-26,1374.0
2021-04-27,1392.0
2021-04-28,1385.9000244140625
2021-04-29,1401.5
2021-04-30,1397.800048828125
2021-05-03,1421.199951171875
2021-05-04,1416.300048828125
2021-05-05,1420.0
2021-05-06,1427.699951171875
2021-05-07,1441.300048828125
2021-05-10,1460.9000244140625
2021-05-11,1444.9000244140625
2021-05-12,1441.300048828125
2021-05-17,1454.300048828125
2021-05-18,1459.5999755859375
2021-05-20,1449.800048828125
2021-05-21,1451.800048828125
2021-05-24,1452.199951171875
2021-05-25,1400.199951171875
2021-05-26,1427.0999755859375
2021-05-27,1415.0
2021-05-28,1422.0999755859375
2021-05-31,1420.5
2021-06-01,1432.0
2021-06-02,1430.699951171875
2021-06-03,1428.0999755859375
2021-06-04,1432.9000244140625
2021-06-07,1447.0999755859375
2021-06-08,1447.5999755859375
2021-06-09,1449.199951171875
2021-06-10,1456.699951171875
2021-06-11,1460.9000244140625
2021-06-14,1454.300048828125
2021-06-15,1442.5999755859375
2021-06-16,1431.300048828125
2021-06-17,1414.199951171875
2021-06-18,1391.0999755859375
2021-06-21,1398.5
2021-06-22,1409.9000244140625
2021-06-23,1402.4000244140625
2021-06-24,1410.800048828125
2021-06-25,1391.9000244140625
2021-06-28,1373.300048828125
2021-06-29,1371.699951171875
2021-06-30,1356.300048828125
2021-07-01,1372.800048828125
2021-07-02,1376.699951171875
2021-07-05,1392.5999755859375
2021-07-06,1382.5999755859375
2021-07-07,1390.5999755859375
2021-07-08,1373.0
2021-07-09,1378.300048828125
2021-07-12,1357.0
2021-07-13,1346.800048828125
2021-07-14,1367.300048828125
2021-07-16,1363.300048828125
2021-07-19,1351.5999755859375
2021-07-26,1349.0999755859375
2021-07-27,1359.5999755859375
2021-07-28,1360.800048828125
2021-07-29,1391.5999755859375
2021-07-30,1392.9000244140625
2021-08-02,1399.699951171875
2021-08-03,1408.800048828125
2021-08-04,1413.800048828125
2021-08-05,1431.800048828125
2021-08-06,1434.800048828125
2021-08-09,1432.5999755859375
2021-08-10,1437.5
2021-08-11,1410.9000244140625
2021-08-12,1444.5
2021-08-13,1447.5999755859375
2021-08-16,1455.300048828125
2021-08-17,1461.699951171875
2021-08-18,1449.5999755859375
2021-08-19,1439.9000244140625
2021-08-20,1444.5999755859375
2021-08-23,1459.300048828125
2021-08-24,1465.9000244140625
2021-08-25,1453.300048828125
2021-08-26,1448.5
2021-08-27,1458.199951171875
2021-08-31,1472.0999755859375
2021-09-01,1474.0999755859375
2021-09-02,1479.0999755859375
2021-09-03,1468.699951171875
2021-09-06,1474.699951171875
2021-09-07,1454.699951171875
2021-09-08,1433.9000244140625
2021-09-09,1452.699951171875
2021-09-10,1438.699951171875
2021-09-13,1438.300048828125
2021-09-14,1434.4000244140625
2021-09-15,1424.0
2021-09-16,1418.0
2021-09-17,1419.4000244140625
2021-09-20,1391.9000244140625
2021-09-21,1385.5999755859375
2021-09-22,1407.5
2021-09-23,1401.5
2021-09-24,1384.699951171875
2021-09-27,1391.699951171875
2021-09-28,1383.800048828125
2021-09-29,1391.9000244140625
2021-09-30,1406.4000244140625
2021-10-01,1401.5
2021-10-04,1394.4000244140625
2021-10-05,1391.699951171875
2021-10-06,1371.699951171875
2021-10-07,1396.9000244140625
2021-10-08,1398.0
2021-10-11,1416.300048828125
2021-10-12,1416.800048828125
2021-10-13,1413.5
2021-10-14,1411.800048828125
2021-10-15,1409.5999755859375
2021-10-18,1417.699951171875
2021-10-19,1429.9000244140625
2021-10-20,1432.800048828125
2021-10-21,1455.4000244140625
2021-10-22,1479.9000244140625
2021-10-25,1492.9000244140625
2021-10-26,1509.199951171875
2021-10-27,1519.300048828125
2021-10-28,1522.0
2021-11-01,1536.300048828125
2021-11-02,1533.0999755859375
2021-11-03,1547.0
2021-11-04,1575.699951171875
2021-11-05,1583.5999755859375
2021-11-08,1608.5
2021-11-09,1615.5999755859375
2021-11-10,1624.0999755859375
2021-11-11,1625.0999755859375
2021-11-12,1638.5
2021-11-15,1702.5
2021-11-16,1685.5999755859375
2021-11-17,1707.0
2021-11-18,1736.9000244140625
2021-11-19,1737.300048828125
2021-11-22,1755.5
2021-11-23,1784.5999755859375
2021-11-24,1812.300048828125
2021-11-25,1819.199951171875
2021-11-26,1776.4000244140625
2021-11-29,1808.800048828125
2021-11-30,1809.699951171875
2021-12-01,1857.4000244140625
2021-12-02,1880.0999755859375
2021-12-03,1910.4000244140625
2021-12-06,1927.4000244140625
2021-12-07,1981.0
2021-12-08,2004.5999755859375
2021-12-09,2031.4000244140625
2021-12-10,2035.5
2021-12-13,2101.5
2021-12-14,2157.699951171875
2021-12-15,2162.300048828125
2021-12-16,2278.60009765625
2021-12-17,2084.5
2021-12-20,2056.39990234375
2021-12-21,1892.0
2021-12-22,1804.199951171875
2021-12-23,1805.300048828125
2021-12-24,1891.300048828125
2021-12-27,1897.0999755859375
2021-12-28,1850.5
2021-12-29,1895.5
2021-12-30,1863.699951171875
2021-12-31,1857.699951171875
2022-01-03,1926.699951171875
2022-01-04,1963.5999755859375
2022-01-05,2005.300048828125
2022-01-06,2007.5999755859375
2022-01-07,2033.300048828125
2022-01-10,2045.199951171875
2022-01-11,2046.0
2022-01-12,2064.199951171875
2022-01-13,2070.699951171875
2022-01-14,2072.89990234375
2022-01-17,2085.800048828125
2022-01-18,1979.800048828125
2022-01-19,2042.0999755859375
2022-01-20,2014.199951171875
2022-01-21,2011.199951171875
2022-01-24,1910.300048828125
2022-01-25,1945.0999755859375
2022-01-26,1951.199951171875
2022-01-27,1997.699951171875
2022-01-28,1983.199951171875
2022-01-31,2003.199951171875
2022-02-01,2015.4000244140625
2022-02-02,2002.199951171875
2022-02-03,1957.9000244140625
2022-02-04,1943.800048828125
2022-02-07,1997.5999755859375
2022-02-08,2007.0999755859375
2022-02-09,2042.9000244140625
2022-02-10,2038.699951171875
2022-02-11,2051.10009765625
2022-02-14,2001.9000244140625
2022-02-15,2038.199951171875
2022-02-16,2041.4000244140625
2022-02-17,2010.0
2022-02-18,2032.4000244140625
2022-02-21,2038.0999755859375
2022-02-22,2017.5
2022-02-23,2016.0
2022-02-24,1851.4000244140625
2022-02-25,1952.4000244140625
2022-02-28,1946.199951171875
2022-03-01,1969.9000244140625
2022-03-02,1986.0999755859375
2022-03-03,2023.300048828125
2022-03-04,1990.800048828125
2022-03-07,1997.300048828125
2022-03-08,2011.4000244140625
2022-03-09,2042.699951171875
2022-03-10,2042.0
2022-03-11,2053.89990234375
2022-03-14,2088.5
2022-03-15,2079.39990234375
2022-03-16,2088.800048828125
2022-03-17,2133.60009765625
2022-03-18,2144.300048828125
2022-03-21,2175.0
2022-03-22,2188.800048828125
2022-03-23,2183.10009765625
2022-03-24,2176.199951171875
2022-03-25,2175.5
2022-03-28,2172.5
2022-03-29,2206.5
2022-03-30,2230.199951171875
2022-03-31,2233.300048828125
2022-04-01,2251.699951171875
2022-04-04,2311.39990234375
2022-04-05,2326.300048828125
2022-04-06,2316.39990234375
2022-04-07,2345.199951171875
2022-04-08,2393.39990234375
2022-04-11,2449.10009765625
2022-04-12,2463.800048828125
2022-04-13,2460.39990234375
2022-04-14,2475.39990234375
2022-04-15,2494.39990234375
2022-04-18,2510.300048828125
2022-04-19,2519.199951171875
2022-04-20,2525.89990234375
2022-04-21,2556.800048828125
2022-04-22,2472.5
2022-04-25,2482.60009765625
2022-04-26,2418.300048828125
2022-04-27,2451.39990234375
2022-04-28,2428.39990234375
2022-04-29,2430.60009765625
2022-05-05,2466.300048828125
2022-05-06,2458.699951171875
2022-05-09,2465.699951171875
2022-05-10,2490.199951171875
2022-05-11,2453.89990234375
2022-05-12,2391.0
2022-05-13,2419.199951171875
2022-05-16,2390.800048828125
2022-05-17,2394.800048828125
2022-05-18,2393.60009765625
2022-05-20,2372.39990234375
2022-05-23,2380.89990234375
2022-05-24,2375.0
2022-05-25,2418.10009765625
2022-05-26,2450.800048828125
2022-05-27,2438.800048828125
2022-05-30,2527.199951171875
2022-05-31,2547.10009765625
2022-06-01,2568.800048828125
2022-06-02,2601.60009765625
2022-06-03,2601.300048828125
2022-06-06,2648.10009765625
2022-06-07,2648.199951171875
2022-06-08,2540.39990234375
2022-06-09,2571.60009765625
2022-06-10,2543.10009765625
2022-06-13,2510.10009765625
2022-06-14,2508.89990234375
2022-06-15,2531.10009765625
2022-06-16,2485.39990234375
2022-06-17,2533.300048828125
2022-06-20,2539.199951171875
2022-06-21,2575.89990234375
2022-06-22,2574.300048828125
2022-06-23,2543.199951171875
2022-06-24,2554.10009765625
2022-06-27,2529.300048828125
2022-06-28,2490.199951171875
2022-06-29,2402.0
2022-06-30,2405.39990234375
2022-07-01,2443.800048828125
2022-07-04,2406.0
2022-07-05,2371.300048828125
2022-07-06,2408.199951171875
2022-07-07,2425.60009765625
2022-07-08,2434.0
2022-07-13,2408.10009765625
2022-07-14,2382.39990234375
2022-07-18,2451.300048828125
2022-07-19,2502.0
2022-07-20,2525.199951171875
2022-07-21,2511.39990234375
2022-07-22,2516.60009765625
2022-07-25,2548.5
2022-07-26,2537.10009765625
2022-07-27,2544.10009765625
2022-07-28,2543.300048828125
2022-07-29,2592.39990234375
2022-08-01,2656.300048828125
2022-08-02,2647.60009765625
2022-08-03,2684.5
2022-08-04,2723.699951171875
2022-08-05,2750.5
2022-08-08,2795.10009765625
2022-08-09,2785.199951171875
2022-08-10,2829.60009765625
2022-08-11,2868.39990234375
2022-08-12,2864.300048828125
2022-08-15,2857.199951171875
2022-08-16,2913.300048828125
2022-08-17,2980.0
2022-08-18,3020.0
2022-08-19,3020.199951171875
2022-08-22,3062.5
2022-08-23,3121.5
2022-08-24,3060.300048828125
2022-08-25,3136.800048828125
2022-08-26,3146.10009765625
2022-08-29,3165.0
2022-08-31,3171.199951171875
2022-09-01,3142.699951171875
2022-09-02,3222.699951171875
2022-09-05,3358.39990234375
2022-09-06,3391.39990234375
2022-09-07,3402.800048828125
2022-09-08,3437.39990234375
2022-09-09,3521.39990234375
2022-09-12,3649.199951171875
2022-09-13,3426.89990234375
2022-09-14,3447.0
2022-09-15,3363.10009765625
2022-09-16,3377.300048828125
2022-09-19,3199.5
2022-09-20,3277.5
2022-09-21,3245.800048828125
2022-09-22,3295.300048828125
2022-09-23,3281.60009765625
2022-09-26,3260.199951171875
2022-09-27,3265.60009765625
2022-09-28,3198.199951171875
2022-09-29,3146.89990234375
2022-09-30,3180.0
2022-10-03,3392.10009765625
2022-10-04,3458.0
2022-10-05,3484.39990234375
2022-10-06,3553.89990234375
2022-10-07,3567.60009765625
2022-10-10,3582.0
2022-10-11,3571.60009765625
2022-10-12,3517.800048828125
2022-10-13,3553.39990234375
2022-10-14,3627.0
2022-10-17,3847.60009765625
2022-10-18,3841.60009765625
2022-10-19,3880.300048828125
2022-10-20,3900.89990234375
2022-10-21,3934.60009765625
2022-10-24,3977.5
2022-10-25,3975.0
2022-10-26,3976.39990234375
2022-10-27,3934.5
2022-10-28,3879.0
2022-10-31,3979.0
2022-11-01,4054.699951171875
2022-11-02,4071.89990234375
2022-11-03,4105.5
2022-11-04,4217.0
2022-11-07,4331.7001953125
2022-11-08,4360.2998046875
2022-11-09,4361.0
2022-11-10,4467.10009765625
2022-11-11,4455.5
2022-11-14,4570.2001953125
2022-11-15,4657.0
2022-11-16,4668.5
2022-11-17,4507.2001953125
2022-11-18,4526.7001953125
2022-11-21,4570.2998046875
2022-11-22,4780.7001953125
2022-11-23,4854.2001953125
2022-11-24,4858.2001953125
2022-11-25,4874.2998046875
2022-11-28,4923.2001953125
2022-11-29,4962.5
2022-11-30,4977.60009765625
2022-12-01,5046.2001953125
2022-12-02,4963.0
2022-12-05,4957.7998046875
2022-12-06,5000.10009765625
2022-12-07,4827.0
2022-12-08,4855.89990234375
2022-12-09,5005.2998046875
2022-12-12,5193.2998046875
2022-12-13,5256.2001953125
2022-12-14,5066.5
2022-12-15,5188.7998046875
2022-12-16,5214.2998046875
2022-12-19,5391.89990234375
2022-12-20,5419.0
2022-12-21,5429.10009765625
2022-12-22,5447.2001953125
2022-12-23,5454.7998046875
2022-12-26,5504.10009765625
2022-12-27,5434.5
2022-12-28,5345.60009765625
2022-12-29,5476.89990234375
2022-12-30,5509.2001953125
2023-01-02,5661.10009765625
2023-01-03,5626.60009765625
2023-01-04,5523.5
2023-01-05,5116.39990234375
2023-01-06,5342.0
2023-01-09,5171.0
2023-01-10,4988.0
2023-01-11,4728.89990234375
2023-01-12,4970.7001953125
2023-01-13,4984.89990234375
2023-01-16,5207.7001953125
2023-01-17,5315.0
2023-01-18,5384.2001953125
2023-01-19,5422.39990234375
2023-01-20,5490.2998046875
2023-01-23,5404.39990234375
2023-01-24,5366.5
2023-01-25,5297.7998046875
2023-01-26,5231.0
2023-01-27,5191.7998046875
2023-01-30,5096.2998046875
2023-01-31,4976.60009765625
2023-02-01,4713.39990234375
2023-02-02,4752.2001953125
2023-02-03,4997.60009765625
2023-02-06,4930.2001953125
2023-02-07,4505.2998046875
2023-02-08,4505.2998046875
2023-02-15,4950.5
2023-02-16,5008.60009765625
2023-02-17,5026.7998046875
2023-02-20,5148.89990234375
2023-02-21,5149.39990234375
2023-02-22,5071.39990234375
2023-02-23,5086.2001953125
2023-02-24,5058.7998046875
2023-02-27,5197.39990234375
2023-02-28,5237.2998046875
2023-03-01,5322.7001953125
2023-03-02,5261.39990234375
2023-03-03,5212.39990234375
2023-03-06,5392.2998046875
2023-03-07,5381.89990234375
2023-03-08,5438.39990234375
2023-03-09,5446.2001953125
2023-03-10,5384.60009765625
2023-03-13,5323.2001953125
2023-03-14,5207.2998046875
2023-03-15,5121.60009765625
2023-03-16,5229.60009765625
2023-03-17,5136.39990234375
2023-03-20,4975.5
2023-03-21,4906.60009765625
2023-03-22,5001.10009765625
2023-03-23,5062.0
2023-03-24,5032.0
2023-03-27,4997.7998046875
2023-03-28,4811.5
2023-03-29,4943.2001953125
2023-03-30,4896.10009765625
2023-03-31,4812.89990234375
2023-04-03,4839.5
2023-04-04,4984.10009765625
2023-04-05,4919.89990234375
2023-04-06,4912.7998046875
2023-04-07,4924.60009765625
2023-04-10,5092.2998046875
2023-04-11,5124.2998046875
2023-04-12,5146.10009765625
2023-04-13,5135.60009765625
2023-04-14,5092.89990234375
2023-04-17,5059.39990234375
2023-04-18,5018.7001953125
2023-04-19,5061.2001953125
2023-04-20,5012.2998046875
2023-04-24,5022.7998046875
2023-04-25,4891.0
2023-04-26,4783.5
2023-04-27,4789.60009765625
2023-04-28,4617.89990234375
2023-05-02,4506.2001953125
2023-05-03,4486.0
2023-05-04,4484.39990234375
2023-05-05,4400.7998046875
2023-05-08,4561.89990234375
2023-05-09,4536.2001953125
2023-05-10,4494.5
2023-05-11,4848.0
2023-05-12,4795.60009765625
2023-05-15,4501.2001953125
2023-05-16,4589.7001953125
2023-05-17,4661.7001953125
2023-05-18,4501.7001953125
2023-05-22,4466.2001953125
2023-05-23,4471.0
2023-05-24,4424.89990234375
2023-05-25,4428.0
2023-05-26,4580.7001953125
2023-05-29,4768.60009765625
2023-05-30,4951.39990234375
2023-05-31,4886.89990234375
2023-06-01,4959.7998046875
2023-06-02,5115.0
2023-06-05,5372.7001953125
2023-06-06,5388.7998046875
2023-06-07,5561.2001953125
2023-06-08,5554.0
2023-06-09,5626.5
2023-06-12,5589.0
2023-06-13,5429.10009765625
2023-06-14,5360.7998046875
2023-06-15,5495.5
2023-06-16,5475.5
2023-06-19,5269.2998046875
2023-06-20,5251.60009765625
2023-06-21,5186.7998046875
2023-06-22,5428.2998046875
2023-06-23,5582.7998046875
2023-06-26,5732.89990234375
2023-06-27,5759.10009765625
2023-07-03,6015.2998046875
2023-07-04,6003.89990234375
2023-07-05,6106.7998046875
2023-07-06,6141.10009765625
2023-07-07,6187.10009765625
2023-07-10,6270.39990234375
2023-07-11,6362.89990234375
2023-07-12,6342.10009765625
2023-07-13,6368.39990234375
2023-07-14,6437.7001953125
2023-07-17,6600.5
2023-07-18,6365.0
2023-07-19,6571.2998046875
2023-07-20,6682.10009765625
2023-07-21,6687.7998046875
2023-07-24,6695.10009765625
2023-07-25,6605.0
2023-07-26,6743.89990234375
2023-07-27,6856.10009765625
2023-07-28,7067.2998046875
2023-07-31,7217.0
2023-08-01,7168.5
2023-08-02,7258.5
2023-08-03,7221.5
2023-08-04,7400.60009765625
2023-08-07,7470.10009765625
2023-08-08,7412.2001953125
2023-08-09,7600.7001953125
2023-08-10,7441.5
2023-08-11,7714.39990234375
2023-08-14,7737.39990234375
2023-08-15,7690.7998046875
2023-08-16,7662.2998046875
2023-08-17,7764.5
2023-08-18,7513.2998046875
2023-08-21,7796.7001953125
2023-08-22,7771.2998046875
2023-08-23,7602.2001953125
2023-08-24,7491.89990234375
2023-08-25,7716.7001953125
2023-08-28,7941.7001953125
2023-08-29,7907.10009765625
2023-08-31,7917.89990234375
2023-09-01,8056.10009765625
2023-09-04,8141.2998046875
2023-09-05,8236.099609375
2023-09-06,8181.7001953125
2023-09-07,8337.7001953125
2023-09-08,8325.2998046875
2023-09-11,8146.5
2023-09-12,8159.89990234375
2023-09-13,8013.89990234375
2023-09-14,8118.7998046875
2023-09-15,7962.0
2023-09-18,7680.39990234375
2023-09-19,7784.0
2023-09-20,7719.7998046875
2023-09-21,8000.5
2023-09-22,8039.2001953125
2023-09-25,8304.7998046875
2023-09-26,8242.2998046875
2023-09-27,8213.7998046875
2023-09-28,8218.7001953125
2023-09-29,8334.900390625
2023-10-02,8487.0
2023-10-03,8513.5
2023-10-04,8333.099609375
2023-10-05,8488.0
2023-10-06,8464.900390625
2023-10-09,8193.400390625
2023-10-10,8442.7998046875
2023-10-11,8330.599609375
2023-10-12,8259.2998046875
2023-10-13,8113.2998046875
2023-10-16,7934.60009765625
2023-10-17,8115.0
2023-10-18,7842.7001953125
2023-10-19,7769.0
2023-10-20,7510.7001953125
2023-10-23,7750.39990234375
2023-10-24,7990.39990234375
2023-10-25,7425.0
2023-10-26,7662.10009765625
2023-10-27,7706.39990234375
2023-10-30,7712.89990234375
2023-10-31,7514.10009765625
2023-11-01,7528.60009765625
2023-11-02,7663.60009765625
2023-11-03,7706.0
2023-11-06,7868.0
2023-11-07,7844.7998046875
2023-11-08,7860.89990234375
2023-11-09,7841.5
2023-11-10,7771.2998046875
2023-11-13,7568.2998046875
2023-11-14,7671.10009765625
2023-11-15,7665.89990234375
2023-11-16,7780.7001953125
2023-11-17,7853.39990234375
2023-11-20,7946.39990234375
2023-11-21,8046.60009765625
2023-11-22,7987.0
2023-11-23,7898.60009765625
2023-11-24,7960.0
2023-11-27,8107.2001953125
2023-11-28,8093.5
2023-11-29,8009.2998046875
2023-11-30,7948.60009765625
2023-12-01,8026.2998046875
2023-12-04,8087.2001953125
2023-12-05,8057.39990234375
2023-12-06,7855.10009765625
2023-12-07,7978.7998046875
2023-12-08,7913.7998046875
2023-12-11,7728.39990234375
2023-12-12,7748.89990234375
2023-12-13,7529.2998046875
2023-12-14,7813.39990234375
2023-12-15,7993.89990234375
2023-12-18,7790.39990234375
2023-12-19,7725.89990234375
2023-12-20,7662.89990234375
2023-12-21,7765.0
2023-12-22,7557.60009765625
2023-12-26,7299.2998046875
2023-12-27,7260.39990234375
2023-12-28,7396.2998046875
2023-12-29,7470.2001953125
2024-01-02,7624.2998046875
2024-01-03,7412.0
2024-01-04,7547.7998046875
2024-01-05,7628.7001953125
2024-01-08,7818.89990234375
2024-01-09,7736.2998046875
2024-01-10,7874.2001953125
2024-01-11,7896.0
2024-01-12,7986.5
2024-01-15,8044.0
2024-01-16,8032.2001953125
2024-01-17,8024.39990234375
2024-01-18,8016.10009765625
2024-01-19,7996.7001953125
2024-01-22,8010.10009765625
2024-01-23,7950.10009765625
2024-01-24,8090.89990234375
2024-01-25,8169.89990234375
2024-01-26,8346.2998046875
2024-01-29,8471.7001953125
2024-01-30,8474.2998046875
2024-01-31,8496.7001953125
2024-02-01,8646.099609375
2024-02-02,8665.7001953125
2024-02-05,8776.7001953125
2024-02-06,8869.099609375
2024-02-07,8843.0
2024-02-08,8949.7998046875
2024-02-09,9046.0
2024-02-12,9174.599609375
2024-02-13,8994.0
2024-02-14,9072.099609375
2024-02-15,9242.2001953125
2024-02-16,9250.400390625
2024-02-19,9196.400390625
2024-02-20,9345.0
2024-02-21,9312.099609375
2024-02-22,9347.2001953125
2024-02-23,9374.2001953125
2024-02-26,9334.099609375
2024-02-27,9179.5
2024-02-28,9062.400390625
2024-02-29,9193.7001953125
2024-03-01,9097.2001953125
2024-03-04,8907.7001953125
2024-03-05,8860.5
2024-03-06,8744.599609375
2024-03-07,9054.2001953125
2024-03-08,9155.2998046875
2024-03-11,9131.7998046875
2024-03-12,9069.0
2024-03-13,8910.2001953125
2024-03-14,8883.5
2024-03-15,8828.7001953125
2024-03-18,8718.099609375
2024-03-19,8929.900390625
2024-03-20,8955.099609375
2024-03-21,9140.7001953125
2024-03-22,9111.5
2024-03-25,9029.400390625
2024-03-26,8807.400390625
2024-03-27,8806.7001953125
2024-03-28,9080.0
2024-03-29,9142.400390625
2024-04-01,9157.5
2024-04-02,9040.900390625
2024-04-03,8945.7998046875
2024-04-04,9129.0
2024-04-05,9618.7998046875
2024-04-08,9756.7001953125
2024-04-09,9814.2001953125
2024-04-15,9679.7998046875
2024-04-16,9548.099609375
2024-04-17,9530.5
2024-04-18,9524.599609375
2024-04-19,9693.5
2024-04-22,9645.0
2024-04-24,9722.099609375
2024-04-25,9716.7998046875
2024-04-26,9915.599609375
2024-04-29,10082.7998046875
2024-04-30,10045.7001953125
2024-05-02,10208.7001953125
2024-05-03,10276.900390625
2024-05-06,10267.099609375
2024-05-07,10336.5
2024-05-08,10247.7998046875
2024-05-09,10268.599609375
2024-05-10,10218.599609375
2024-05-13,10056.0
2024-05-14,10173.400390625
2024-05-15,10158.599609375
2024-05-16,10320.0
2024-05-17,10643.599609375
2024-05-20,10739.599609375
2024-05-21,10895.2998046875
2024-05-22,10899.2998046875
2024-05-23,10792.5
2024-05-24,10676.7001953125
2024-05-27,10657.0
2024-05-28,10677.5
2024-05-29,10479.2001953125
2024-05-30,10481.2998046875
2024-05-31,10400.5
2024-06-03,10556.7998046875
2024-06-04,10364.599609375
2024-06-05,10351.0
2024-06-06,10279.7001953125
2024-06-07,10139.0
2024-06-10,9997.900390625
2024-06-11,10051.400390625
2024-06-12,10165.5
2024-06-13,10391.900390625
2024-06-14,10471.2998046875
2024-06-20,10739.900390625
2024-06-21,10771.400390625
2024-06-24,10767.900390625
2024-06-25,10680.0
2024-06-26,10486.7001953125
2024-06-27,10680.900390625
2024-06-28,10647.900390625
2024-07-01,10343.2998046875
2024-07-02,10446.2001953125
2024-07-03,10682.2001953125
2024-07-04,10872.599609375
2024-07-05,10851.7998046875
2024-07-08,10864.099609375
2024-07-09,10796.599609375
2024-07-10,10743.2998046875
2024-07-11,11024.2998046875
2024-07-12,11064.900390625
2024-07-16,11139.2998046875
2024-07-17,11134.099609375
2024-07-18,11139.5
2024-07-19,11156.2001953125
2024-07-22,11172.7998046875
2024-07-23,11089.5
2024-07-24,10991.599609375
2024-07-25,10871.5
2024-07-26,10891.400390625
2024-07-29,10733.7998046875
2024-07-30,10691.7001953125
2024-07-31,10638.599609375
2024-08-01,10798.099609375
2024-08-02,10473.5
2024-08-05,9893.400390625
2024-08-06,9881.2001953125
2024-08-07,10024.2998046875
2024-08-08,10098.5
2024-08-09,9907.400390625
2024-08-12,9828.599609375
2024-08-13,9920.599609375
2024-08-14,9830.900390625
2024-08-15,9983.0
2024-08-16,9822.0
2024-08-19,10054.2001953125
2024-08-20,9982.2998046875
2024-08-21,9904.7998046875
2024-08-22,9921.400390625
2024-08-23,9668.099609375
2024-08-26,9565.7998046875
2024-08-27,9748.7998046875
2024-08-28,9757.2001953125
2024-08-29,9833.2001953125
2024-09-02,10110.2001953125
2024-09-03,10021.7998046875
2024-09-04,9984.900390625
2024-09-05,9936.7998046875
2024-09-06,9771.2001953125
2024-09-09,9699.599609375
2024-09-10,9624.0
2024-09-11,9419.7001953125
2024-09-12,9521.0
2024-09-13,9685.5
2024-09-16,9577.5
2024-09-17,9758.099609375
2024-09-18,9774.5
2024-09-19,9975.599609375
2024-09-20,9900.2998046875
2024-09-23,9887.7998046875
2024-09-24,10029.7001953125
2024-09-25,9891.0
2024-09-26,9829.2001953125
2024-09-27,9777.5
2024-09-30,9665.7998046875
2024-10-01,9351.2001953125
2024-10-02,9012.900390625
2024-10-03,8898.2001953125
2024-10-04,9109.2998046875
2024-10-07,9031.599609375
2024-10-08,9044.900390625
2024-10-09,9132.2998046875
2024-10-10,8964.099609375
2024-10-11,8876.2001953125
2024-10-14,8699.2001953125
2024-10-15,8860.2998046875
2024-10-16,8956.0
2024-10-17,9002.2998046875
2024-10-18,8793.599609375
2024-10-21,8654.400390625
2024-10-22,8838.599609375
2024-10-23,8714.7001953125
2024-10-24,8872.900390625
2024-10-25,8908.5
2024-10-28,8945.7998046875
2024-10-30,9006.599609375
2024-10-31,8863.900390625
2024-11-01,8885.0
2024-11-04,8663.900390625
2024-11-05,8618.599609375
2024-11-06,8862.2998046875
2024-11-07,8946.099609375
2024-11-08,9184.7998046875
2024-11-11,9276.7998046875
2024-11-12,9226.900390625
2024-11-13,9300.2998046875
2024-11-14,9420.400390625
2024-11-15,9389.599609375
2024-11-18,9395.400390625
2024-11-19,9232.900390625
2024-11-20,9031.7998046875
2024-11-21,9367.7998046875
2024-11-22,9549.900390625
2024-11-25,9660.0
2024-11-26,9636.099609375
2024-11-27,9639.7998046875
2024-11-28,9640.099609375
2024-11-29,9652.0
2024-12-02,9681.099609375
2024-12-03,9827.2001953125
2024-12-04,9886.099609375
2024-12-05,9936.0
2024-12-06,10081.0
2024-12-09,10257.400390625
2024-12-10,10099.0
2024-12-11,10058.5
2024-12-12,10058.599609375
2024-12-13,10125.5
2024-12-16,9997.7001953125
2024-12-17,10011.2998046875
2024-12-18,9915.7998046875
2024-12-19,9765.099609375
2024-12-20,9724.5
2024-12-23,9626.599609375
2024-12-24,9672.7998046875
2024-12-26,9949.0
2024-12-27,10025.5
2024-12-30,9889.7001953125
2024-12-31,9830.599609375
2025-01-02,9961.2998046875
2025-01-03,10075.2001953125
2025-01-06,10085.5
2025-01-07,9972.0
2025-01-08,9890.7998046875
2025-01-09,10000.7001953125
2025-01-10,9910.599609375
2025-01-13,9733.2001953125
2025-01-14,9715.900390625
2025-01-15,9739.7001953125
2025-01-16,9866.7001953125
2025-01-17,9977.900390625
2025-01-20,10029.2998046875
2025-01-21,9999.599609375
2025-01-22,10105.400390625
2025-01-23,10112.7998046875
2025-01-24,10104.900390625
2025-01-27,9997.900390625
2025-01-28,10121.7998046875
2025-01-29,10077.0
2025-01-30,10082.099609375
2025-01-31,10004.400390625
2025-02-03,9774.400390625
2025-02-04,9807.099609375
2025-02-05,9719.7998046875
2025-02-06,9842.2001953125
2025-02-07,9951.7001953125
2025-02-10,9845.900390625
2025-02-11,9882.7998046875
2025-02-12,9779.599609375
2025-02-13,9914.7001953125
2025-02-14,9877.599609375
2025-02-17,9836.5
2025-02-18,9916.900390625
2025-02-19,9763.7001953125
2025-02-20,9807.5
2025-02-21,9602.2001953125
2025-02-24,9574.7998046875
2025-02-25,9451.599609375
2025-02-26,9573.2001953125
2025-02-27,9741.099609375
2025-02-28,9658.7001953125
2025-03-03,9911.099609375
2025-03-04,9898.0
2025-03-05,10188.900390625
2025-03-06,10459.099609375
2025-03-07,10507.099609375
2025-03-10,10422.2001953125
2025-03-11,10438.2998046875
2025-03-12,10580.2998046875
2025-03-13,10727.599609375
2025-03-14,10840.599609375
2025-03-17,10862.099609375
2025-03-18,10802.2001953125
2025-03-19,9860.2998046875
2025-03-20,9810.900390625
2025-03-21,9044.599609375
2025-03-24,9299.400390625
2025-03-25,9715.599609375
2025-03-26,9649.5
2025-03-27,9612.7998046875
2025-03-28,9659.5
2025-04-02,9523.2998046875
2025-04-03,9484.2998046875
2025-04-04,9379.7998046875
2025-04-07,9407.2001953125
2025-04-08,9477.099609375
2025-04-09,9275.5
2025-04-10,9338.599609375
2025-04-11,9381.0
2025-04-14,9423.599609375
2025-04-15,9393.7998046875
2025-04-16,9266.099609375
2025-04-17,9396.0
2025-04-18,9317.2001953125
2025-04-21,9321.599609375
2025-04-22,9312.099609375
2025-04-24,9490.900390625
2025-04-25,9432.599609375
2025-04-28,9307.0
2025-04-29,9224.7998046875
2025-04-30,9078.400390625
2025-05-02,9167.599609375
2025-05-05,9112.2001953125
2025-05-06,9134.7001953125
2025-05-07,9074.599609375
2025-05-08,9279.2001953125
2025-05-09,9390.5
2025-05-12,9747.099609375
2025-05-13,9700.2001953125
2025-05-14,9701.599609375
2025-05-15,9541.2998046875
2025-05-16,9668.400390625
2025-05-20,9514.0
2025-05-21,9398.900390625
2025-05-22,9475.2001953125
2025-05-23,9356.0
2025-05-26,9345.2001953125
2025-05-27,9213.599609375
2025-05-28,9177.7001953125
2025-05-29,9170.599609375
2025-05-30,9019.599609375
2025-06-02,9008.900390625
2025-06-03,9277.0
2025-06-04,9475.0
2025-06-05,9486.599609375
2025-06-10,9659.2998046875
2025-06-11,9686.099609375
2025-06-12,9520.2001953125
2025-06-13,9311.900390625
2025-06-16,9350.0
2025-06-17,9339.599609375
2025-06-18,9196.099609375
2025-06-19,9102.0
2025-06-20,9203.400390625
2025-06-23,9141.2998046875
2025-06-24,9448.900390625
2025-06-25,9418.5
2025-06-26,9301.099609375
2025-06-27,9404.900390625
2025-06-30,9948.5
2025-07-01,10080.400390625
2025-07-02,10189.0
2025-07-03,10228.400390625
2025-07-04,10275.7998046875
2025-07-07,10107.7001953125
2025-07-08,9998.2001953125
2025-07-09,10167.2998046875
2025-07-10,10331.2998046875
2025-07-11,10358.5
2025-07-14,10225.5
2025-07-16,10121.5
2025-07-17,10370.7001953125
2025-07-18,10366.2001953125
2025-07-21,10616.2001953125
2025-07-22,10616.099609375
2025-07-23,10592.0
2025-07-24,10689.099609375
2025-07-25,10642.599609375
2025-07-28,10542.099609375
2025-07-29,10487.2998046875
2025-07-30,10619.0
2025-07-31,10743.2001953125
2025-08-01,10747.0
2025-08-04,10853.5
2025-08-05,10850.0
2025-08-06,10901.0
2025-08-07,10956.099609375
2025-08-08,10972.599609375
2025-08-11,11038.2998046875
2025-08-12,10954.5
2025-08-13,10950.0
2025-08-14,10824.599609375
2025-08-15,10870.599609375
2025-08-18,10929.7998046875
2025-08-19,10962.0
2025-08-20,11134.7001953125
2025-08-21,11313.900390625
2025-08-22,11372.2998046875
2025-08-25,11477.7998046875
2025-08-26,11529.7998046875
2025-08-27,11359.0
2025-08-28,11368.7998046875
2025-08-29,11288.099609375
2025-09-01,11280.0
2025-09-02,10877.5
2025-09-03,10737.7001953125
2025-09-04,10828.900390625
2025-09-05,10729.5
2025-09-08,10449.400390625
2025-09-09,10486.099609375
2025-09-10,10586.2998046875
2025-09-11,10382.900390625
2025-09-12,10372.0
2025-09-15,11000.2998046875
2025-09-16,11183.0
2025-09-17,11165.900390625
2025-09-18,11048.099609375
2025-09-19,11294.5
2025-09-22,11468.099609375
2025-09-23,11331.7998046875
2025-09-24,11366.900390625
2025-09-25,11377.599609375
2025-09-26,11151.2001953125
2025-09-29,11048.099609375
2025-09-30,11012.099609375
2025-10-01,11220.2001953125
2025-10-02,11082.599609375
2025-10-03,10858.5
2025-10-06,10734.900390625
2025-10-07,10814.099609375
2025-10-08,10756.2998046875
2025-10-09,10727.0
2025-10-10,10720.400390625
2025-10-13,10556.2001953125
2025-10-14,10316.400390625
2025-10-15,10464.5
2025-10-16,10370.7998046875
2025-10-17,10208.7998046875
2025-10-20,10484.400390625
2025-10-21,10467.2001953125
2025-10-22,10551.2998046875
2025-10-23,10608.2998046875
2025-10-24,10941.7998046875
2025-10-27,10853.400390625
2025-10-28,10871.099609375
2025-10-30,10837.2998046875
2025-10-31,10971.5
2025-11-03,11060.400390625
2025-11-04,10914.099609375
2025-11-05,10970.400390625
2025-11-06,11073.2998046875
2025-11-07,10924.5
2025-11-10,10789.0
2025-11-11,10576.5
2025-11-12,10640.900390625
2025-11-13,10628.599609375
2025-11-14,10565.7001953125
2025-11-17,10698.099609375
2025-11-18,10728.599609375
2025-11-19,10903.900390625
2025-11-20,10979.7001953125
2025-11-21,10922.900390625
2025-11-24,10888.0
2025-11-25,10857.2001953125
2025-11-26,10914.7001953125
2025-11-27,10945.5
2025-11-28,10898.7001953125
2025-12-01,11116.5
2025-12-02,11123.5
2025-12-03,11036.7998046875
2025-12-04,10918.5
2025-12-05,11007.400390625
2025-12-08,11189.5
2025-12-09,11238.400390625
2025-12-10,11193.900390625
2025-12-11,11233.7001953125
2025-12-12,11311.2998046875
2025-12-15,11456.2998046875
2025-12-16,11348.7998046875
2025-12-17,11286.7998046875
2025-12-18,11335.099609375
2025-12-19,11341.900390625
2025-12-22,11311.099609375
2025-12-23,11290.400390625
2025-12-24,11340.099609375
2025-12-26,11294.400390625
2025-12-29,11150.900390625
2025-12-30,11220.2001953125
2025-12-31,11261.5
2026-01-02,11498.400390625
2026-01-05,11702.0
2026-01-06,12023.7998046875
2026-01-07,12028.7998046875
2026-01-08,12088.0
2026-01-09,12201.0
2026-01-12,12254.7998046875
2026-01-13,12385.599609375
2026-01-14,12369.900390625
2026-01-15,12456.7001953125
2026-01-16,12668.5
2026-01-19,12747.900390625
2026-01-20,12805.7998046875
2026-01-21,12728.2001953125
2026-01-22,12851.5
2026-01-23,12992.7001953125
2026-01-26,13177.2998046875
2026-01-27,13107.0
2026-01-28,13407.400390625
2026-01-29,13831.099609375
2026-01-30,13838.2998046875
2026-02-02,13621.0
2026-02-03,13875.2998046875
2026-02-04,13891.2001953125
2026-02-05,13589.099609375
2026-02-06,13522.0
2026-02-09,13838.400390625
2026-02-10,13797.0
2026-02-11,13787.7998046875
2026-02-12,14180.5
2026-02-13,14180.7001953125
2026-02-16,14339.2998046875
2026-02-17,14227.2998046875
2026-02-18,14259.900390625
2026-02-19,13804.2001953125
2026-02-20,13934.099609375
2026-02-23,14061.7001953125
2026-02-24,14050.7998046875
2026-02-25,13809.900390625
2026-02-26,13878.5
2026-02-27,13717.7998046875
2026-03-02,13346.400390625
2026-03-03,12933.400390625
2026-03-04,12943.2001953125
2026-03-05,13078.900390625
2026-03-06,12792.7998046875
2026-03-09,12702.0
2026-03-10,13175.7001953125
2026-03-11,13200.400390625
2026-03-12,13286.099609375
2026-03-13,13092.900390625
2026-03-16,12956.7001953125
2026-03-17,13217.599609375
2026-03-18,13115.099609375
2026-03-19,13047.7001953125
2026-03-23,13168.2001953125
2026-03-24,12930.2001953125
2026-03-25,12963.900390625
2026-03-26,12727.099609375
2026-03-27,12698.2001953125
2026-03-30,12626.400390625
2026-03-31,12791.0
2026-04-01,12937.900390625
2026-04-02,13051.7001953125
2026-04-03,12936.400390625
2026-04-06,13112.2998046875
2026-04-07,12921.599609375
2026-04-08,13536.7998046875
2026-04-09,13689.0
2026-04-10,14073.7998046875
2026-04-13,14058.5
2026-04-14,14202.2001953125
2026-04-15,14252.400390625
2026-04-16,14201.099609375
2026-04-17,14587.900390625
2026-04-20,14484.900390625
2026-04-21,14375.400390625
2026-04-22,14335.5
2026-04-24,14409.099609375
2026-04-27,14594.0
2026-04-28,14329.2998046875
2026-04-29,14311.2001953125
2026-04-30,14442.599609375
2026-05-04,14369.599609375
2026-05-05,14495.7998046875
2026-05-06,14917.400390625
2026-05-07,15040.2998046875
2026-05-08,15062.7001953125
2026-05-11,15133.5
2026-05-12,14779.900390625
2026-05-13,14598.5
2026-05-14,14644.7001953125
2026-05-15,14367.599609375
2026-05-18,14029.5
2026-05-20,14012.0
2026-05-21,13163.900390625
2026-05-22,13808.2001953125
2026-05-25,13890.900390625
2026-05-26,13662.7998046875
2026-06-01,13704.0
2026-06-02,14200.2001953125
2026-06-03,13965.7001953125
2026-06-04,13872.2998046875
2026-06-05,13694.2001953125
2026-06-08,13860.599609375
2026-06-09,13741.900390625
2026-06-10,13744.599609375
2026-06-11,13743.5
2026-06-12,13938.5
2026-06-15,14446.400390625
2026-06-16,14493.099609375
2026-06-17,14421.2001953125
2026-06-18,14827.400390625
2026-06-19,14734.5
2026-06-22,14729.7001953125
2026-06-23,14539.599609375
2026-06-24,14331.2001953125
2026-06-25,14259.7998046875
2026-06-26,14274.0
2026-06-29,14183.2001953125
2026-06-30,14121.7998046875
2026-07-01,14350.599609375
2026-07-02,14455.0
2026-07-03,14417.900390625
2026-07-06,14424.5
2026-07-07,14497.400390625
2026-07-08,14190.0
2026-07-09,14105.400390625
2026-07-10,14321.2001953125
2026-07-13,14092.0
2026-07-14,14080.0
2026-07-16,14251.2998046875
2026-07-17,13981.099609375
2026-07-20,14071.0
2026-07-21,13974.099609375
2026-07-22,14138.900390625
2026-07-23,14077.7001953125
2026-07-24,13943.900390625
2026-07-27,13774.7998046875
2026-07-28,13687.900390625
2026-07-29,13501.599609375
2026-07-30,13292.900390625
2026-07-31,13458.099609375
2026-08-03,13410.5
2026-08-04,13687.900390625
2026-08-05,13703.099609375
2026-08-06,13798.7998046875
2026-08-07,13779.400390625
2026-08-10,13811.599609375
2026-08-11,13704.5
2026-08-12,14110.099609375
2026-08-13,14132.2001953125
2026-08-14,14172.2998046875
2026-08-17,14132.099609375
2026-08-18,14128.0
2026-08-19,14459.0
2026-08-20,14396.5
2026-08-21,14514.7998046875
2026-08-24,14501.5
2026-08-25,14473.400390625
2026-08-26,14610.900390625
2026-08-27,14575.5
2026-08-31,14334.099609375
2026-09-01,14359.75
