date,usdtry_close
2020-01-01,5.947800159454346
2020-01-02,5.946300029754639
2020-01-03,5.955699920654297
2020-01-06,5.967959880828857
2020-01-07,5.968999862670898
2020-01-08,5.974370002746582
2020-01-09,5.908899784088135
2020-01-10,5.877299785614014
2020-01-13,5.875329971313477
2020-01-14,5.865499973297119
2020-01-15,5.8871002197265625
2020-01-16,5.875349998474121
2020-01-17,5.855100154876709
2020-01-20,5.890769958496094
2020-01-21,5.91077995300293
2020-01-22,5.93310022354126
2020-01-23,5.9196600914001465
2020-01-24,5.929200172424316
2020-01-27,5.944779872894287
2020-01-28,5.942800045013428
2020-01-29,5.940999984741211
2020-01-30,5.95665979385376
2020-01-31,5.97415018081665
2020-02-03,5.975039958953857
2020-02-04,5.98360013961792
2020-02-05,5.977719783782959
2020-02-06,5.980899810791016
2020-02-07,5.98769998550415
2020-02-10,5.986939907073975
2020-02-11,6.00570011138916
2020-02-12,6.015999794006348
2020-02-13,6.0441999435424805
2020-02-14,6.039700031280518
2020-02-17,6.054200172424316
2020-02-18,6.0467000007629395
2020-02-19,6.064000129699707
2020-02-20,6.083000183105469
2020-02-21,6.102399826049805
2020-02-24,6.109189987182617
2020-02-25,6.115200042724609
2020-02-26,6.147299766540527
2020-02-27,6.160099983215332
2020-02-28,6.206769943237305
2020-03-02,6.249269962310791
2020-03-03,6.171299934387207
2020-03-04,6.112199783325195
2020-03-05,6.079800128936768
2020-03-06,6.102530002593994
2020-03-09,6.121079921722412
2020-03-10,6.157400131225586
2020-03-11,6.170619964599609
2020-03-12,6.211100101470947
2020-03-13,6.316199779510498
2020-03-16,6.282869815826416
2020-03-17,6.429299831390381
2020-03-18,6.399700164794922
2020-03-19,6.47189998626709
2020-03-20,6.541319847106934
2020-03-23,6.5572099685668945
2020-03-24,6.5467000007629395
2020-03-25,6.436299800872803
2020-03-26,6.418600082397461
2020-03-27,6.399799823760986
2020-03-30,6.459799766540527
2020-03-31,6.565040111541748
2020-04-01,6.612989902496338
2020-04-02,6.707300186157227
2020-04-03,6.632299900054932
2020-04-06,6.739999771118164
2020-04-07,6.765699863433838
2020-04-08,6.757689952850342
2020-04-09,6.772900104522705
2020-04-10,6.686100006103516
2020-04-13,6.722799777984619
2020-04-14,6.767330169677734
2020-04-15,6.816530227661133
2020-04-16,6.897029876708984
2020-04-17,6.922100067138672
2020-04-20,6.904399871826172
2020-04-21,6.9405999183654785
2020-04-22,6.974699974060059
2020-04-23,6.980400085449219
2020-04-24,6.955999851226807
2020-04-27,6.965799808502197
2020-04-28,6.985300064086914
2020-04-29,6.987100124359131
2020-04-30,6.951000213623047
2020-05-01,6.989299774169922
2020-05-04,7.0167999267578125
2020-05-05,7.0446600914001465
2020-05-06,7.083700180053711
2020-05-07,7.197080135345459
2020-05-08,7.0883002281188965
2020-05-11,7.093999862670898
2020-05-12,7.063399791717529
2020-05-13,6.9920501708984375
2020-05-14,6.969860076904297
2020-05-15,6.925300121307373
2020-05-18,6.883339881896973
2020-05-19,6.876999855041504
2020-05-20,6.779789924621582
2020-05-21,6.78410005569458
2020-05-22,6.789999961853027
2020-05-25,6.809100151062012
2020-05-26,6.814000129699707
2020-05-27,6.72553014755249
2020-05-28,6.7754998207092285
2020-05-29,6.811049938201904
2020-06-01,6.804100036621094
2020-06-02,6.804599761962891
2020-06-03,6.696300029754639
2020-06-04,6.724100112915039
2020-06-05,6.748899936676025
2020-06-08,6.76140022277832
2020-06-09,6.775400161743164
2020-06-10,6.787499904632568
2020-06-11,6.769899845123291
2020-06-12,6.835100173950195
2020-06-15,6.813399791717529
2020-06-16,6.822169780731201
2020-06-17,6.830959796905518
2020-06-18,6.8317999839782715
2020-06-19,6.853109836578369
2020-06-22,6.84689998626709
2020-06-23,6.842299938201904
2020-06-24,6.844600200653076
2020-06-25,6.850480079650879
2020-06-26,6.8527398109436035
2020-06-29,6.8505401611328125
2020-06-30,6.8495001792907715
2020-07-01,6.847300052642822
2020-07-02,6.845600128173828
2020-07-03,6.848100185394287
2020-07-06,6.858500003814697
2020-07-07,6.856200218200684
2020-07-08,6.853360176086426
2020-07-09,6.85791015625
2020-07-10,6.857729911804199
2020-07-13,6.8597002029418945
2020-07-14,6.855400085449219
2020-07-15,6.863490104675293
2020-07-16,6.85290002822876
2020-07-17,6.855629920959473
2020-07-20,6.851900100708008
2020-07-21,6.853650093078613
2020-07-22,6.826879978179932
2020-07-23,6.840199947357178
2020-07-24,6.83558988571167
2020-07-27,6.840700149536133
2020-07-28,6.8790998458862305
2020-07-29,6.938799858093262
2020-07-30,6.970699787139893
2020-07-31,6.969399929046631
2020-08-03,6.9692301750183105
2020-08-04,6.960400104522705
2020-08-05,6.92609977722168
2020-08-06,7.0495500564575195
2020-08-07,7.223239898681641
2020-08-10,7.29964017868042
2020-08-11,7.328100204467773
2020-08-12,7.224120140075684
2020-08-13,7.319019794464111
2020-08-14,7.332099914550781
2020-08-17,7.366000175476074
2020-08-18,7.373429775238037
2020-08-19,7.3649001121521
2020-08-20,7.277900218963623
2020-08-21,7.296199798583984
2020-08-24,7.284570217132568
2020-08-25,7.372900009155273
2020-08-26,7.393199920654297
2020-08-27,7.348750114440918
2020-08-28,7.35260009765625
2020-08-31,7.324900150299072
2020-09-01,7.35260009765625
2020-09-02,7.359399795532227
2020-09-03,7.363239765167236
2020-09-04,7.4220099449157715
2020-09-07,7.431399822235107
2020-09-08,7.449699878692627
2020-09-09,7.479100227355957
2020-09-10,7.4688801765441895
2020-09-11,7.442500114440918
2020-09-14,7.467289924621582
2020-09-15,7.483500003814697
2020-09-16,7.485400199890137
2020-09-17,7.492700099945068
2020-09-18,7.544600009918213
2020-09-21,7.557600021362305
2020-09-22,7.616640090942383
2020-09-23,7.667699813842773
2020-09-24,7.698599815368652
2020-09-25,7.615699768066406
2020-09-28,7.658180236816406
2020-09-29,7.780360221862793
2020-09-30,7.8113298416137695
2020-10-01,7.705870151519775
2020-10-02,7.751399993896484
2020-10-05,7.736629962921143
2020-10-06,7.760000228881836
2020-10-07,7.788269996643066
2020-10-08,7.872690200805664
2020-10-09,7.940299987792969
2020-10-12,7.845250129699707
2020-10-13,7.88539981842041
2020-10-14,7.9207000732421875
2020-10-15,7.906199932098389
2020-10-16,7.9309000968933105
2020-10-19,7.912300109863281
2020-10-20,7.872640132904053
2020-10-21,7.857999801635742
2020-10-22,7.808040142059326
2020-10-23,7.941199779510498
2020-10-26,7.97353982925415
2020-10-27,8.09022045135498
2020-10-28,8.192700386047363
2020-10-29,8.264920234680176
2020-10-30,8.297940254211426
2020-11-02,8.363490104675293
2020-11-03,8.433609962463379
2020-11-04,8.432000160217285
2020-11-05,8.440500259399414
2020-11-06,8.42039966583252
2020-11-09,8.437789916992188
2020-11-10,8.107600212097168
2020-11-11,8.149149894714355
2020-11-12,7.7829999923706055
2020-11-13,7.68179988861084
2020-11-16,7.619949817657471
2020-11-17,7.688379764556885
2020-11-18,7.674650192260742
2020-11-19,7.6910600662231445
2020-11-20,7.539599895477295
2020-11-23,7.617249965667725
2020-11-24,7.873899936676025
2020-11-25,7.993899822235107
2020-11-26,7.939499855041504
2020-11-27,7.8709001541137695
2020-11-30,7.817319869995117
2020-12-01,7.8225998878479
2020-12-02,7.817500114440918
2020-12-03,7.850490093231201
2020-12-04,7.781199932098389
2020-12-07,7.801380157470703
2020-12-08,7.796760082244873
2020-12-09,7.8096699714660645
2020-12-10,7.817659854888916
2020-12-11,7.886300086975098
2020-12-14,7.854340076446533
2020-12-15,7.847099781036377
2020-12-16,7.83050012588501
2020-12-17,7.794710159301758
2020-12-18,7.697700023651123
2020-12-21,7.658549785614014
2020-12-22,7.643249988555908
2020-12-23,7.65749979019165
2020-12-24,7.633299827575684
2020-12-25,7.574100017547607
2020-12-28,7.569499969482422
2020-12-29,7.4394001960754395
2020-12-30,7.388800144195557
2020-12-31,7.373730182647705
2021-01-01,7.433800220489502
2021-01-04,7.433420181274414
2021-01-05,7.421500205993652
2021-01-06,7.383790016174316
2021-01-07,7.29971981048584
2021-01-08,7.326600074768066
2021-01-11,7.357649803161621
2021-01-12,7.471950054168701
2021-01-13,7.446959972381592
2021-01-14,7.394269943237305
2021-01-15,7.366099834442139
2021-01-18,7.449079990386963
2021-01-19,7.475180149078369
2021-01-20,7.466300010681152
2021-01-21,7.410600185394287
2021-01-22,7.365699768066406
2021-01-25,7.41772985458374
2021-01-26,7.40749979019165
2021-01-27,7.347300052642822
2021-01-28,7.392240047454834
2021-01-29,7.345779895782471
2021-02-01,7.277699947357178
2021-02-02,7.185070037841797
2021-02-03,7.192599773406982
2021-02-04,7.156599998474121
2021-02-05,7.132900238037109
2021-02-08,7.0569000244140625
2021-02-09,7.074900150299072
2021-02-10,7.0639801025390625
2021-02-11,7.055480003356934
2021-02-12,7.023900032043457
2021-02-15,7.028900146484375
2021-02-16,6.956900119781494
2021-02-17,6.982399940490723
2021-02-18,6.963210105895996
2021-02-19,6.965590000152588
2021-02-22,6.981400012969971
2021-02-23,7.010000228881836
2021-02-24,7.100299835205078
2021-02-25,7.16379976272583
2021-02-26,7.3231000900268555
2021-03-01,7.413090229034424
2021-03-02,7.269370079040527
2021-03-03,7.34499979019165
2021-03-04,7.456699848175049
2021-03-05,7.508900165557861
2021-03-08,7.507740020751953
2021-03-09,7.755760192871094
2021-03-10,7.606659889221191
2021-03-11,7.489699840545654
2021-03-12,7.475100040435791
2021-03-15,7.556000232696533
2021-03-16,7.530720233917236
2021-03-17,7.4882001876831055
2021-03-18,7.49429988861084
2021-03-19,7.320219993591309
2021-03-22,8.095390319824219
2021-03-23,7.825399875640869
2021-03-24,7.939599990844727
2021-03-25,7.911399841308594
2021-03-26,7.947999954223633
2021-03-29,8.118200302124023
2021-03-30,8.243490219116211
2021-03-31,8.324700355529785
2021-04-01,8.241889953613281
2021-04-02,8.106969833374023
2021-04-05,8.184000015258789
2021-04-06,8.11340045928955
2021-04-07,8.14490032196045
2021-04-08,8.14387035369873
2021-04-09,8.12952995300293
2021-04-12,8.170999526977539
2021-04-13,8.154500007629395
2021-04-14,8.107099533081055
2021-04-15,8.080300331115723
2021-04-16,8.028800010681152
2021-04-19,8.076199531555176
2021-04-20,8.090399742126465
2021-04-21,8.10342025756836
2021-04-22,8.190099716186523
2021-04-23,8.301719665527344
2021-04-26,8.406160354614258
2021-04-27,8.290300369262695
2021-04-28,8.205940246582031
2021-04-29,8.184889793395996
2021-04-30,8.184880256652832
2021-05-03,8.274550437927246
2021-05-04,8.258999824523926
2021-05-05,8.319299697875977
2021-05-06,8.329000473022461
2021-05-07,8.276749610900879
2021-05-10,8.23799991607666
2021-05-11,8.271400451660156
2021-05-12,8.28950023651123
2021-05-13,8.432900428771973
2021-05-14,8.49940013885498
2021-05-17,8.445099830627441
2021-05-18,8.302020072937012
2021-05-19,8.35513973236084
2021-05-20,8.410599708557129
2021-05-21,8.36931037902832
2021-05-24,8.416299819946289
2021-05-25,8.377969741821289
2021-05-26,8.452300071716309
2021-05-27,8.451199531555176
2021-05-28,8.48235034942627
2021-05-31,8.573399543762207
2021-06-01,8.487799644470215
2021-06-02,8.601699829101562
2021-06-03,8.580490112304688
2021-06-04,8.70680046081543
2021-06-07,8.67300033569336
2021-06-08,8.597149848937988
2021-06-09,8.599699974060059
2021-06-10,8.582300186157227
2021-06-11,8.425200462341309
2021-06-14,8.378479957580566
2021-06-15,8.45576000213623
2021-06-16,8.555899620056152
2021-06-17,8.619999885559082
2021-06-18,8.71345043182373
2021-06-21,8.754280090332031
2021-06-22,8.779199600219727
2021-06-23,8.63895034790039
2021-06-24,8.634499549865723
2021-06-25,8.69729995727539
2021-06-28,8.747309684753418
2021-06-29,8.683099746704102
2021-06-30,8.72599983215332
2021-07-01,8.704700469970703
2021-07-02,8.664609909057617
2021-07-05,8.688400268554688
2021-07-06,8.65999984741211
2021-07-07,8.680299758911133
2021-07-08,8.678500175476074
2021-07-09,8.681900024414062
2021-07-12,8.65429973602295
2021-07-13,8.632100105285645
2021-07-14,8.619199752807617
2021-07-15,8.584050178527832
2021-07-16,8.560689926147461
2021-07-19,8.532099723815918
2021-07-20,8.580100059509277
2021-07-21,8.57040023803711
2021-07-22,8.554160118103027
2021-07-23,8.556500434875488
2021-07-26,8.54757022857666
2021-07-27,8.554499626159668
2021-07-28,8.556099891662598
2021-07-29,8.551259994506836
2021-07-30,8.45226001739502
2021-08-02,8.43667984008789
2021-08-03,8.349800109863281
2021-08-04,8.401200294494629
2021-08-05,8.475500106811523
2021-08-06,8.52560043334961
2021-08-09,8.627900123596191
2021-08-10,8.6489896774292
2021-08-11,8.598799705505371
2021-08-12,8.625439643859863
2021-08-13,8.561189651489258
2021-08-16,8.512200355529785
2021-08-17,8.454700469970703
2021-08-18,8.42667007446289
2021-08-19,8.453519821166992
2021-08-20,8.530799865722656
2021-08-23,8.490799903869629
2021-08-24,8.42650032043457
2021-08-25,8.411800384521484
2021-08-26,8.373379707336426
2021-08-27,8.376409530639648
2021-08-30,8.34862995147705
2021-08-31,8.367300033569336
2021-09-01,8.304499626159668
2021-09-02,8.283780097961426
2021-09-03,8.279580116271973
2021-09-06,8.312649726867676
2021-09-07,8.276780128479004
2021-09-08,8.344799995422363
2021-09-09,8.472200393676758
2021-09-10,8.440400123596191
2021-09-13,8.46660041809082
2021-09-14,8.422100067138672
2021-09-15,8.430669784545898
2021-09-16,8.425800323486328
2021-09-17,8.529009819030762
2021-09-20,8.635199546813965
2021-09-21,8.668299674987793
2021-09-22,8.620400428771973
2021-09-23,8.656299591064453
2021-09-24,8.756429672241211
2021-09-27,8.858619689941406
2021-09-28,8.814200401306152
2021-09-29,8.866900444030762
2021-09-30,8.916139602661133
2021-10-01,8.885000228881836
2021-10-04,8.85260009765625
2021-10-05,8.847100257873535
2021-10-06,8.861960411071777
2021-10-07,8.866040229797363
2021-10-08,8.87090015411377
2021-10-11,8.955010414123535
2021-10-12,8.99487018585205
2021-10-13,9.037989616394043
2021-10-14,9.146920204162598
2021-10-15,9.190099716186523
2021-10-18,9.236949920654297
2021-10-19,9.339099884033203
2021-10-20,9.305399894714355
2021-10-21,9.214960098266602
2021-10-22,9.531149864196777
2021-10-25,9.674400329589844
2021-10-26,9.586700439453125
2021-10-27,9.529069900512695
2021-10-28,9.50570011138916
2021-10-29,9.52511978149414
2021-11-01,9.582900047302246
2021-11-02,9.539910316467285
2021-11-03,9.600799560546875
2021-11-04,9.639599800109863
2021-11-05,9.694029808044434
2021-11-08,9.687740325927734
2021-11-09,9.683159828186035
2021-11-10,9.72719955444336
2021-11-11,9.843099594116211
2021-11-12,9.920900344848633
2021-11-15,10.029609680175781
2021-11-16,10.057499885559082
2021-11-17,10.34220027923584
2021-11-18,10.730779647827148
2021-11-19,11.03711986541748
2021-11-22,11.105500221252441
2021-11-23,11.406100273132324
2021-11-24,12.818900108337402
2021-11-25,11.913999557495117
2021-11-26,11.984299659729004
2021-11-29,12.329099655151367
2021-11-30,12.699000358581543
2021-12-01,13.50160026550293
2021-12-02,13.44320011138916
2021-12-03,13.717100143432617
2021-12-06,13.632049560546875
2021-12-07,13.783149719238281
2021-12-08,13.520500183105469
2021-12-09,13.682700157165527
2021-12-10,13.773300170898438
2021-12-13,13.854889869689941
2021-12-14,13.803290367126465
2021-12-15,14.377799987792969
2021-12-16,14.81410026550293
2021-12-17,15.660750389099121
2021-12-20,16.608980178833008
2021-12-21,13.475899696350098
2021-12-22,12.270709991455078
2021-12-23,12.032299995422363
2021-12-24,11.413299560546875
2021-12-27,10.807069778442383
2021-12-28,11.521050453186035
2021-12-29,11.803119659423828
2021-12-30,12.640299797058105
2021-12-31,13.290499687194824
2022-01-03,13.356599807739258
2022-01-04,13.061699867248535
2022-01-05,13.411499977111816
2022-01-06,13.687999725341797
2022-01-07,13.782099723815918
2022-01-10,13.749349594116211
2022-01-11,13.809000015258789
2022-01-12,13.760499954223633
2022-01-13,13.243399620056152
2022-01-14,13.5826997756958
2022-01-17,13.43317985534668
2022-01-18,13.450599670410156
2022-01-19,13.527700424194336
2022-01-20,13.423600196838379
2022-01-21,13.354999542236328
2022-01-24,13.434650421142578
2022-01-25,13.434760093688965
2022-01-26,13.476900100708008
2022-01-27,13.577099800109863
2022-01-28,13.617600440979004
2022-01-31,13.482049942016602
2022-02-01,13.29580020904541
2022-02-02,13.350179672241211
2022-02-03,13.46560001373291
2022-02-04,13.566200256347656
2022-02-07,13.556659698486328
2022-02-08,13.570369720458984
2022-02-09,13.577210426330566
2022-02-10,13.539199829101562
2022-02-11,13.496100425720215
2022-02-14,13.505419731140137
2022-02-15,13.590800285339355
2022-02-16,13.60319995880127
2022-02-17,13.59570026397705
2022-02-18,13.522600173950195
2022-02-21,13.60807991027832
2022-02-22,13.67549991607666
2022-02-23,13.762280464172363
2022-02-24,13.820500373840332
2022-02-25,14.053000450134277
2022-02-28,14.028840065002441
2022-03-01,13.791000366210938
2022-03-02,13.835200309753418
2022-03-03,13.982999801635742
2022-03-04,14.113499641418457
2022-03-07,14.239629745483398
2022-03-08,14.378999710083008
2022-03-09,14.491299629211426
2022-03-10,14.659099578857422
2022-03-11,14.838000297546387
2022-03-14,14.75
2022-03-15,14.774860382080078
2022-03-16,14.700799942016602
2022-03-17,14.557979583740234
2022-03-18,14.703310012817383
2022-03-21,14.806859970092773
2022-03-22,14.82174015045166
2022-03-23,14.818300247192383
2022-03-24,14.826700210571289
2022-03-25,14.836000442504883
2022-03-28,14.82759952545166
2022-03-29,14.821399688720703
2022-03-30,14.569250106811523
2022-03-31,14.651009559631348
2022-04-01,14.666199684143066
2022-04-04,14.674039840698242
2022-04-05,14.691499710083008
2022-04-06,14.717900276184082
2022-04-07,14.699589729309082
2022-04-08,14.753700256347656
2022-04-11,14.74020004272461
2022-04-12,14.664600372314453
2022-04-13,14.581500053405762
2022-04-14,14.59060001373291
2022-04-15,14.622699737548828
2022-04-18,14.621800422668457
2022-04-19,14.640899658203125
2022-04-20,14.652000427246094
2022-04-21,14.666799545288086
2022-04-22,14.70398998260498
2022-04-25,14.747099876403809
2022-04-26,14.771900177001953
2022-04-27,14.799699783325195
2022-04-28,14.809800148010254
2022-04-29,14.78888988494873
2022-05-02,14.854900360107422
2022-05-03,14.886699676513672
2022-05-04,14.80679988861084
2022-05-05,14.739700317382812
2022-05-06,14.865079879760742
2022-05-09,14.940130233764648
2022-05-10,15.098400115966797
2022-05-11,15.32544994354248
2022-05-12,15.285400390625
2022-05-13,15.406800270080566
2022-05-16,15.480199813842773
2022-05-17,15.600299835205078
2022-05-18,15.911999702453613
2022-05-19,15.956299781799316
2022-05-20,15.902649879455566
2022-05-23,15.929900169372559
2022-05-24,15.933099746704102
2022-05-25,16.09749984741211
2022-05-26,16.347999572753906
2022-05-27,16.360700607299805
2022-05-30,16.334299087524414
2022-05-31,16.383499145507812
2022-06-01,16.377729415893555
2022-06-02,16.443700790405273
2022-06-03,16.48349952697754
2022-06-06,16.508699417114258
2022-06-07,16.594329833984375
2022-06-08,16.837099075317383
2022-06-09,17.176990509033203
2022-06-10,17.239599227905273
2022-06-13,17.23390007019043
2022-06-14,17.269100189208984
2022-06-15,17.251279830932617
2022-06-16,17.236400604248047
2022-06-17,17.296600341796875
2022-06-20,17.33650016784668
2022-06-21,17.31220054626465
2022-06-22,17.34600067138672
2022-06-23,17.342599868774414
2022-06-24,17.34589958190918
2022-06-27,16.668899536132812
2022-06-28,16.563800811767578
2022-06-29,16.624500274658203
2022-06-30,16.62820053100586
2022-07-01,16.6919002532959
2022-07-04,16.733539581298828
2022-07-05,16.778430938720703
2022-07-06,17.001399993896484
2022-07-07,17.212499618530273
2022-07-08,17.258899688720703
2022-07-11,17.2716007232666
2022-07-12,17.34469985961914
2022-07-13,17.280500411987305
2022-07-14,17.41119956970215
2022-07-15,17.464099884033203
2022-07-18,17.339599609375
2022-07-19,17.461000442504883
2022-07-20,17.541200637817383
2022-07-21,17.594999313354492
2022-07-22,17.72047996520996
2022-07-25,17.757299423217773
2022-07-26,17.829200744628906
2022-07-27,17.871999740600586
2022-07-28,17.867399215698242
2022-07-29,17.945199966430664
2022-08-01,17.922500610351562
2022-08-02,17.89349937438965
2022-08-03,17.943099975585938
2022-08-04,17.930700302124023
2022-08-05,17.941699981689453
2022-08-08,17.9237003326416
2022-08-09,17.93779945373535
2022-08-10,17.923999786376953
2022-08-11,17.870100021362305
2022-08-12,17.949100494384766
2022-08-15,17.940000534057617
2022-08-16,17.951860427856445
2022-08-17,17.90625
2022-08-18,17.944000244140625
2022-08-19,18.07670021057129
2022-08-22,18.087799072265625
2022-08-23,18.090999603271484
2022-08-24,18.120899200439453
2022-08-25,18.148000717163086
2022-08-26,18.165800094604492
2022-08-29,18.167509078979492
2022-08-30,18.18000030517578
2022-08-31,18.15026092529297
2022-09-01,18.189199447631836
2022-09-02,18.20709991455078
2022-09-05,18.211029052734375
2022-09-06,18.214149475097656
2022-09-07,18.22620964050293
2022-09-08,18.221200942993164
2022-09-09,18.23870086669922
2022-09-12,18.221399307250977
2022-09-13,18.22249984741211
2022-09-14,18.246400833129883
2022-09-15,18.22907066345215
2022-09-16,18.27322006225586
2022-09-19,18.25429916381836
2022-09-20,18.29290008544922
2022-09-21,18.310720443725586
2022-09-22,18.315000534057617
2022-09-23,18.33799934387207
2022-09-26,18.4325008392334
2022-09-27,18.449499130249023
2022-09-28,18.442899703979492
2022-09-29,18.523300170898438
2022-09-30,18.497499465942383
2022-10-03,18.516199111938477
2022-10-04,18.523700714111328
2022-10-05,18.569700241088867
2022-10-06,18.54833984375
2022-10-07,18.575300216674805
2022-10-10,18.577999114990234
2022-10-11,18.583099365234375
2022-10-12,18.5841007232666
2022-10-13,18.509899139404297
2022-10-14,18.552900314331055
2022-10-17,18.58690071105957
2022-10-18,18.54891014099121
2022-10-19,18.57990074157715
2022-10-20,18.59309959411621
2022-10-21,18.5856990814209
2022-10-24,18.554330825805664
2022-10-25,18.59079933166504
2022-10-26,18.606800079345703
2022-10-27,18.59040069580078
2022-10-28,18.60890007019043
2022-10-31,18.572969436645508
2022-11-01,18.616670608520508
2022-11-02,18.604299545288086
2022-11-03,18.614999771118164
2022-11-04,18.60919952392578
2022-11-07,18.60007095336914
2022-11-08,18.444000244140625
2022-11-09,18.54050064086914
2022-11-10,18.585039138793945
2022-11-11,18.482650756835938
2022-11-14,18.491619110107422
2022-11-15,18.591100692749023
2022-11-16,18.60770034790039
2022-11-17,18.603679656982422
2022-11-18,18.599199295043945
2022-11-21,18.610429763793945
2022-11-22,18.60059928894043
2022-11-23,18.61210060119629
2022-11-24,18.608999252319336
2022-11-25,18.626800537109375
2022-11-28,18.59602928161621
2022-11-29,18.618499755859375
2022-11-30,18.63990020751953
2022-12-01,18.6299991607666
2022-12-02,18.632600784301758
2022-12-05,18.630699157714844
2022-12-06,18.62459945678711
2022-12-07,18.62660026550293
2022-12-08,18.62697982788086
2022-12-09,18.638530731201172
2022-12-12,18.635610580444336
2022-12-13,18.617900848388672
2022-12-14,18.629499435424805
2022-12-15,18.607770919799805
2022-12-16,18.64459991455078
2022-12-19,18.622900009155273
2022-12-20,18.645200729370117
2022-12-21,18.636680603027344
2022-12-22,18.654800415039062
2022-12-23,18.66963005065918
2022-12-26,18.623430252075195
2022-12-27,18.65679931640625
2022-12-28,18.656999588012695
2022-12-29,18.69367027282715
2022-12-30,18.70298957824707
2023-01-02,18.644729614257812
2023-01-03,18.74329948425293
2023-01-04,18.70686912536621
2023-01-05,18.735950469970703
2023-01-06,18.766599655151367
2023-01-09,18.768489837646484
2023-01-10,18.758499145507812
2023-01-11,18.754459381103516
2023-01-12,18.773399353027344
2023-01-13,18.77869987487793
2023-01-16,18.783069610595703
2023-01-17,18.779090881347656
2023-01-18,18.75263023376465
2023-01-19,18.763029098510742
2023-01-20,18.792699813842773
2023-01-23,18.793350219726562
2023-01-24,18.719240188598633
2023-01-25,18.795230865478516
2023-01-26,18.804000854492188
2023-01-27,18.81049919128418
2023-01-30,18.798599243164062
2023-01-31,18.808000564575195
2023-02-01,18.804000854492188
2023-02-02,18.807449340820312
2023-02-03,18.80525016784668
2023-02-06,18.825319290161133
2023-02-07,18.829099655151367
2023-02-08,18.831600189208984
2023-02-09,18.832359313964844
2023-02-10,18.829700469970703
2023-02-13,18.82975959777832
2023-02-14,18.837459564208984
2023-02-15,18.84394073486328
2023-02-16,18.85038948059082
2023-02-17,18.854820251464844
2023-02-20,18.85346031188965
2023-02-21,18.863500595092773
2023-02-22,18.862699508666992
2023-02-23,18.875200271606445
2023-02-24,18.86302947998047
2023-02-27,18.882020950317383
2023-02-28,18.884199142456055
2023-03-01,18.882400512695312
2023-03-02,18.883399963378906
2023-03-03,18.885700225830078
2023-03-06,18.88681983947754
2023-03-07,18.869890213012695
2023-03-08,18.918100357055664
2023-03-09,18.940799713134766
2023-03-10,18.951900482177734
2023-03-13,18.961389541625977
2023-03-14,18.97100067138672
2023-03-15,18.974899291992188
2023-03-16,18.98699951171875
2023-03-17,19.00200080871582
2023-03-20,19.00787925720215
2023-03-21,19.00881004333496
2023-03-22,19.033199310302734
2023-03-23,19.043899536132812
2023-03-24,19.057199478149414
2023-03-27,19.0802001953125
2023-03-28,19.092580795288086
2023-03-29,19.12070083618164
2023-03-30,19.14689064025879
2023-03-31,19.17569923400879
2023-04-03,19.193479537963867
2023-04-04,19.20479965209961
2023-04-05,19.216999053955078
2023-04-06,19.250099182128906
2023-04-07,19.250699996948242
2023-04-10,19.245399475097656
2023-04-11,19.265300750732422
2023-04-12,19.291040420532227
2023-04-13,19.308759689331055
2023-04-14,19.335100173950195
2023-04-17,19.378299713134766
2023-04-18,19.385299682617188
2023-04-19,19.399599075317383
2023-04-20,19.3981990814209
2023-04-21,19.404260635375977
2023-04-24,19.405170440673828
2023-04-25,19.402700424194336
2023-04-26,19.41783905029297
2023-04-27,19.423099517822266
2023-04-28,19.43549919128418
2023-05-01,19.449499130249023
2023-05-02,19.452049255371094
2023-05-03,19.473539352416992
2023-05-04,19.474889755249023
2023-05-05,19.487199783325195
2023-05-08,19.499000549316406
2023-05-09,19.50189971923828
2023-05-10,19.520000457763672
2023-05-11,19.53969955444336
2023-05-12,19.565799713134766
2023-05-15,19.628000259399414
2023-05-16,19.67970085144043
2023-05-17,19.731300354003906
2023-05-18,19.764400482177734
2023-05-19,19.806859970092773
2023-05-22,19.815900802612305
2023-05-23,19.84454917907715
2023-05-24,19.863929748535156
2023-05-25,19.907100677490234
2023-05-26,19.97439956665039
2023-05-29,19.989200592041016
2023-05-30,20.1270809173584
2023-05-31,20.611600875854492
2023-06-01,20.786399841308594
2023-06-02,20.890199661254883
2023-06-05,21.080299377441406
2023-06-06,21.269500732421875
2023-06-07,21.93440055847168
2023-06-08,23.295530319213867
2023-06-09,23.498699188232422
2023-06-12,23.645999908447266
2023-06-13,23.66010093688965
2023-06-14,23.638500213623047
2023-06-15,23.568500518798828
2023-06-16,23.650800704956055
2023-06-19,23.548500061035156
2023-06-20,23.601499557495117
2023-06-21,23.572099685668945
2023-06-22,23.554800033569336
2023-06-23,24.885099411010742
2023-06-26,25.317800521850586
2023-06-27,25.960159301757812
2023-06-28,25.989990234375
2023-06-29,26.055500030517578
2023-06-30,26.03860092163086
2023-07-03,25.422399520874023
2023-07-04,25.864200592041016
2023-07-05,25.978099822998047
2023-07-06,26.085599899291992
2023-07-07,26.12980079650879
2023-07-10,26.137800216674805
2023-07-11,26.037189483642578
2023-07-12,26.110000610351562
2023-07-13,26.199600219726562
2023-07-14,26.057199478149414
2023-07-17,26.25
2023-07-18,26.382200241088867
2023-07-19,26.947799682617188
2023-07-20,26.820499420166016
2023-07-21,26.850500106811523
2023-07-24,26.95199966430664
2023-07-25,26.96940040588379
2023-07-26,26.923500061035156
2023-07-27,26.895700454711914
2023-07-28,26.9552001953125
2023-07-31,26.84040069580078
2023-08-01,26.925979614257812
2023-08-02,26.973499298095703
2023-08-03,26.962299346923828
2023-08-04,26.963289260864258
2023-08-07,26.994300842285156
2023-08-08,27.005399703979492
2023-08-09,26.925180435180664
2023-08-10,26.94700050354004
2023-08-11,27.05120086669922
2023-08-14,27.112199783325195
2023-08-15,27.055400848388672
2023-08-16,27.047889709472656
2023-08-17,27.073659896850586
2023-08-18,27.125
2023-08-21,27.138399124145508
2023-08-22,27.20549964904785
2023-08-23,27.20490074157715
2023-08-24,27.19339942932129
2023-08-25,25.905399322509766
2023-08-28,26.353700637817383
2023-08-29,26.309499740600586
2023-08-30,26.54829978942871
2023-08-31,26.681299209594727
2023-09-01,26.68790054321289
2023-09-04,26.577299118041992
2023-09-05,26.77120018005371
2023-09-06,26.78059959411621
2023-09-07,26.816499710083008
2023-09-08,26.85810089111328
2023-09-11,26.665090560913086
2023-09-12,26.866870880126953
2023-09-13,26.919200897216797
2023-09-14,26.885499954223633
2023-09-15,26.944400787353516
2023-09-18,26.786020278930664
2023-09-19,26.987499237060547
2023-09-20,27.018299102783203
2023-09-21,27.02280044555664
2023-09-22,27.104780197143555
2023-09-25,27.178089141845703
2023-09-26,27.207380294799805
2023-09-27,27.34280014038086
2023-09-28,27.332799911499023
2023-09-29,27.458900451660156
2023-10-02,27.48110008239746
2023-10-03,27.461999893188477
2023-10-04,27.527599334716797
2023-10-05,27.55459976196289
2023-10-06,27.582599639892578
2023-10-09,27.71269989013672
2023-10-10,27.71969985961914
2023-10-11,27.727500915527344
2023-10-12,27.718799591064453
2023-10-13,27.842300415039062
2023-10-16,27.706300735473633
2023-10-17,27.87019920349121
2023-10-18,27.96139907836914
2023-10-19,28.019559860229492
2023-10-20,28.02429962158203
2023-10-23,28.04990005493164
2023-10-24,28.081710815429688
2023-10-25,28.122499465942383
2023-10-26,28.1481990814209
2023-10-27,28.16670036315918
2023-10-30,28.202829360961914
2023-10-31,28.257369995117188
2023-11-01,28.302400588989258
2023-11-02,28.32309913635254
2023-11-03,28.35890007019043
2023-11-06,28.383150100708008
2023-11-07,28.447599411010742
2023-11-08,28.49519920349121
2023-11-09,28.517309188842773
2023-11-10,28.525800704956055
2023-11-13,28.513660430908203
2023-11-14,28.60610008239746
2023-11-15,28.641199111938477
2023-11-16,28.679689407348633
2023-11-17,28.701900482177734
2023-11-20,28.647829055786133
2023-11-21,28.777830123901367
2023-11-22,28.79397964477539
2023-11-23,28.83180046081543
2023-11-24,28.840700149536133
2023-11-27,28.842559814453125
2023-11-28,28.909400939941406
2023-11-29,28.91860008239746
2023-11-30,28.940919876098633
2023-12-01,28.88640022277832
2023-12-04,28.89620018005371
2023-12-05,28.917800903320312
2023-12-06,28.91469955444336
2023-12-07,28.914899826049805
2023-12-08,28.91069984436035
2023-12-11,28.876100540161133
2023-12-12,28.96109962463379
2023-12-13,29.027099609375
2023-12-14,28.99180030822754
2023-12-15,28.976600646972656
2023-12-18,28.84041976928711
2023-12-19,29.0386905670166
2023-12-20,29.088720321655273
2023-12-21,29.125499725341797
2023-12-22,29.10354995727539
2023-12-25,28.833330154418945
2023-12-26,29.311399459838867
2023-12-27,29.30590057373047
2023-12-28,29.38789939880371
2023-12-29,29.519800186157227
2024-01-01,29.018070220947266
2024-01-02,29.428199768066406
2024-01-03,29.74485969543457
2024-01-04,29.77907943725586
2024-01-05,29.840900421142578
2024-01-08,29.78428077697754
2024-01-09,29.91390037536621
2024-01-10,29.96179962158203
2024-01-11,29.85420036315918
2024-01-12,30.06089973449707
2024-01-15,30.06355094909668
2024-01-16,30.07284927368164
2024-01-17,30.118099212646484
2024-01-18,30.137819290161133
2024-01-19,30.153600692749023
2024-01-22,30.191360473632812
2024-01-23,30.2587890625
2024-01-24,30.279499053955078
2024-01-25,30.24799919128418
2024-01-26,30.297300338745117
2024-01-29,30.324670791625977
2024-01-30,30.34501075744629
2024-01-31,30.358400344848633
2024-02-01,30.359800338745117
2024-02-02,30.44300079345703
2024-02-05,30.300920486450195
2024-02-06,30.536800384521484
2024-02-07,30.541120529174805
2024-02-08,30.59149932861328
2024-02-09,30.668399810791016
2024-02-12,30.64838981628418
2024-02-13,30.712900161743164
2024-02-14,30.722900390625
2024-02-15,30.750099182128906
2024-02-16,30.815000534057617
2024-02-19,30.80282974243164
2024-02-20,30.867900848388672
2024-02-21,30.904909133911133
2024-02-22,31.01650047302246
2024-02-23,31.07349967956543
2024-02-26,31.093120574951172
2024-02-27,31.115520477294922
2024-02-28,31.14579963684082
2024-02-29,31.208839416503906
2024-03-01,31.279409408569336
2024-03-04,31.390369415283203
2024-03-05,31.571300506591797
2024-03-06,31.688119888305664
2024-03-07,31.79730987548828
2024-03-08,31.93320083618164
2024-03-11,31.996360778808594
2024-03-12,32.03739929199219
2024-03-13,32.093780517578125
2024-03-14,32.1185302734375
2024-03-15,32.19306945800781
2024-03-18,32.28765106201172
2024-03-19,32.33330154418945
2024-03-20,32.373348236083984
2024-03-21,32.41749954223633
2024-03-22,32.15650177001953
2024-03-25,32.08531188964844
2024-03-26,32.16780090332031
2024-03-27,32.208499908447266
2024-03-28,32.29970169067383
2024-03-29,32.449100494384766
2024-04-01,32.42340087890625
2024-04-02,32.26240158081055
2024-04-03,32.052101135253906
2024-04-04,31.94529914855957
2024-04-05,31.944990158081055
2024-04-08,32.007598876953125
2024-04-09,32.15650177001953
2024-04-10,32.22426986694336
2024-04-11,32.2859992980957
2024-04-12,32.4182014465332
2024-04-15,32.39690017700195
2024-04-16,32.40700912475586
2024-04-17,32.51139831542969
2024-04-18,32.47119903564453
2024-04-19,32.56330108642578
2024-04-22,32.60334014892578
2024-04-23,32.56460189819336
2024-04-24,32.510520935058594
2024-04-25,32.56671905517578
2024-04-26,32.535301208496094
2024-04-29,32.53120040893555
2024-04-30,32.36991882324219
2024-05-01,32.40330123901367
2024-05-02,32.27299880981445
2024-05-03,32.40330123901367
2024-05-06,32.302398681640625
2024-05-07,32.28260040283203
2024-05-08,32.25619888305664
2024-05-09,32.3484992980957
2024-05-10,32.28310012817383
2024-05-13,32.18122863769531
2024-05-14,32.25170135498047
2024-05-15,32.28120040893555
2024-05-16,32.160499572753906
2024-05-17,32.262901306152344
2024-05-20,32.232601165771484
2024-05-21,32.212100982666016
2024-05-22,32.19089889526367
2024-05-23,32.15095138549805
2024-05-24,32.22200012207031
2024-05-27,32.220001220703125
2024-05-28,32.108001708984375
2024-05-29,32.24089813232422
2024-05-30,32.260101318359375
2024-05-31,32.24380111694336
2024-06-03,32.235801696777344
2024-06-04,32.1786003112793
2024-06-05,32.6338005065918
2024-06-06,32.27439880371094
2024-06-07,32.28879928588867
2024-06-10,32.40610122680664
2024-06-11,32.3828010559082
2024-06-12,32.364898681640625
2024-06-13,32.32870101928711
2024-06-14,32.4901008605957
2024-06-17,32.65732955932617
2024-06-18,32.819400787353516
2024-06-19,32.55110168457031
2024-06-20,32.513301849365234
2024-06-21,32.829498291015625
2024-06-24,32.82630157470703
2024-06-25,32.92097091674805
2024-06-26,32.94459915161133
2024-06-27,32.8385009765625
2024-06-28,32.88779830932617
2024-07-01,32.77050018310547
2024-07-02,32.64820098876953
2024-07-03,32.54359817504883
2024-07-04,32.53403854370117
2024-07-05,32.63800048828125
2024-07-08,32.674598693847656
2024-07-09,32.71730041503906
2024-07-10,32.90380096435547
2024-07-11,32.879798889160156
2024-07-12,32.94902038574219
2024-07-15,33.084800720214844
2024-07-16,33.01750183105469
2024-07-17,33.04050064086914
2024-07-18,33.07957077026367
2024-07-19,33.088138580322266
2024-07-22,32.997840881347656
2024-07-23,32.92620086669922
2024-07-24,32.84090042114258
2024-07-25,32.856300354003906
2024-07-26,33.11650085449219
2024-07-29,33.02399826049805
2024-07-30,33.05550003051758
2024-07-31,33.0984992980957
2024-08-01,33.17599868774414
2024-08-02,33.1593017578125
2024-08-05,33.24509811401367
2024-08-06,33.39419937133789
2024-08-07,33.61920166015625
2024-08-08,33.5123291015625
2024-08-09,33.532649993896484
2024-08-12,33.523101806640625
2024-08-13,33.453819274902344
2024-08-14,33.509498596191406
2024-08-15,33.5921516418457
2024-08-16,33.638179779052734
2024-08-19,33.6880989074707
2024-08-20,33.7588005065918
2024-08-21,33.8985595703125
2024-08-22,33.92499923706055
2024-08-23,33.95750045776367
2024-08-26,34.02239990234375
2024-08-27,34.025299072265625
2024-08-28,34.01723098754883
2024-08-29,34.139400482177734
2024-08-30,34.07733917236328
2024-09-02,34.07080078125
2024-09-03,33.91339874267578
2024-09-04,33.99760055541992
2024-09-05,34.03670120239258
2024-09-06,33.98500061035156
2024-09-09,33.99654006958008
2024-09-10,34.095699310302734
2024-09-11,34.04439926147461
2024-09-12,33.99919891357422
2024-09-13,33.97460174560547
2024-09-16,33.95515823364258
2024-09-17,33.979469299316406
2024-09-18,34.06909942626953
2024-09-19,34.07080078125
2024-09-20,34.08000183105469
2024-09-23,34.05575180053711
2024-09-24,34.14970016479492
2024-09-25,34.112300872802734
2024-09-26,34.160709381103516
2024-09-27,34.17539978027344
2024-09-30,34.1490592956543
2024-10-01,34.20399856567383
2024-10-02,34.18619918823242
2024-10-03,34.23059844970703
2024-10-04,34.22679901123047
2024-10-07,34.22624969482422
2024-10-08,34.24570846557617
2024-10-09,34.26350021362305
2024-10-10,34.25619888305664
2024-10-11,34.25233840942383
2024-10-14,34.27619934082031
2024-10-15,34.25215148925781
2024-10-16,34.19478988647461
2024-10-17,34.16460037231445
2024-10-18,34.19219970703125
2024-10-21,34.276100158691406
2024-10-22,34.24570083618164
2024-10-23,34.25310134887695
2024-10-24,34.26839828491211
2024-10-25,34.28770065307617
2024-10-28,34.28334045410156
2024-10-29,34.28770065307617
2024-10-30,34.27479934692383
2024-10-31,34.283199310302734
2024-11-01,34.29376983642578
2024-11-04,34.32815170288086
2024-11-05,34.34980010986328
2024-11-06,34.307498931884766
2024-11-07,34.20090103149414
2024-11-08,34.340030670166016
2024-11-11,34.35115051269531
2024-11-12,34.32659912109375
2024-11-13,34.37080001831055
2024-11-14,34.34519958496094
2024-11-15,34.29668045043945
2024-11-18,34.34925842285156
2024-11-19,34.571998596191406
2024-11-20,34.499298095703125
2024-11-21,34.4692497253418
2024-11-22,34.527099609375
2024-11-25,34.420040130615234
2024-11-26,34.597530364990234
2024-11-27,34.65359878540039
2024-11-28,34.63650131225586
2024-11-29,34.64836883544922
2024-12-02,34.693389892578125
2024-12-03,34.74789810180664
2024-12-04,34.74760055541992
2024-12-05,34.73649978637695
2024-12-06,34.76679992675781
2024-12-09,34.77888107299805
2024-12-10,34.81956100463867
2024-12-11,34.84510040283203
2024-12-12,34.86470031738281
2024-12-13,34.94660186767578
2024-12-16,34.95014953613281
2024-12-17,34.956600189208984
2024-12-18,35.009300231933594
2024-12-19,35.04899978637695
2024-12-20,35.1396484375
2024-12-23,35.13113021850586
2024-12-24,35.23160171508789
2024-12-25,34.883888244628906
2024-12-26,35.11949157714844
2024-12-27,35.23429870605469
2024-12-30,35.1602897644043
2024-12-31,35.30524826049805
2025-01-02,35.374000549316406
2025-01-03,35.3922004699707
2025-01-06,35.28929901123047
2025-01-07,35.34479904174805
2025-01-08,35.32183074951172
2025-01-09,35.34980010986328
2025-01-10,35.38059997558594
2025-01-13,35.39105987548828
2025-01-14,35.48419952392578
2025-01-15,35.469398498535156
2025-01-16,35.472900390625
2025-01-17,35.54610061645508
2025-01-20,35.547271728515625
2025-01-21,35.580101013183594
2025-01-22,35.6348991394043
2025-01-23,35.64469909667969
2025-01-24,35.67430114746094
2025-01-27,35.59360122680664
2025-01-28,35.75226974487305
2025-01-29,35.702980041503906
2025-01-30,35.79267120361328
2025-01-31,35.853031158447266
2025-02-03,35.87181854248047
2025-02-04,35.9734001159668
2025-02-05,35.96950149536133
2025-02-06,35.910301208496094
2025-02-07,35.95558166503906
2025-02-10,35.89970016479492
2025-02-11,35.99263000488281
2025-02-12,35.99468994140625
2025-02-13,36.11600112915039
2025-02-14,36.1963005065918
2025-02-17,36.20355987548828
2025-02-18,36.233280181884766
2025-02-19,36.29280090332031
2025-02-20,36.30720138549805
2025-02-21,36.3856315612793
2025-02-24,36.446998596191406
2025-02-25,36.454341888427734
2025-02-26,36.461299896240234
2025-02-27,36.45940017700195
2025-02-28,36.517799377441406
2025-03-03,36.50695037841797
2025-03-04,36.43709945678711
2025-03-05,36.432498931884766
2025-03-06,36.4114990234375
2025-03-07,36.487701416015625
2025-03-10,36.48583984375
2025-03-11,36.571380615234375
2025-03-12,36.59619903564453
2025-03-13,36.59230041503906
2025-03-14,36.67959976196289
2025-03-17,36.6391716003418
2025-03-18,36.63199996948242
2025-03-19,36.69559860229492
2025-03-20,37.99319839477539
2025-03-21,37.94593811035156
2025-03-24,37.976688385009766
2025-03-25,37.848541259765625
2025-03-26,37.98720169067383
2025-03-27,38.022098541259766
2025-03-28,38.003299713134766
2025-03-31,37.975101470947266
2025-04-01,37.898590087890625
2025-04-02,37.96049880981445
2025-04-03,37.944618225097656
2025-04-04,38.005699157714844
2025-04-07,38.00090026855469
2025-04-08,38.004798889160156
2025-04-09,38.007999420166016
2025-04-10,37.96289825439453
2025-04-11,38.03559875488281
2025-04-14,37.98509979248047
2025-04-15,38.03839874267578
2025-04-16,38.17060089111328
2025-04-17,38.14339828491211
2025-04-22,38.235801696777344
2025-04-23,38.280399322509766
2025-04-24,38.285621643066406
2025-04-25,38.415000915527344
2025-04-28,38.42399978637695
2025-04-29,38.44160079956055
2025-04-30,38.4994010925293
2025-05-01,38.5017204284668
2025-05-02,38.55839920043945
2025-05-05,38.57176971435547
2025-05-06,38.61050033569336
2025-05-07,38.63290023803711
2025-05-08,38.644100189208984
2025-05-09,38.7244987487793
2025-05-12,38.74020004272461
2025-05-13,38.78990173339844
2025-05-14,38.758480072021484
2025-05-15,38.7677001953125
2025-05-16,38.83620071411133
2025-05-19,38.856300354003906
2025-05-20,38.846099853515625
2025-05-21,38.83530044555664
2025-05-22,38.830101013183594
2025-05-23,39.033329010009766
2025-05-26,39.00040054321289
2025-05-27,38.993900299072266
2025-05-28,39.05950164794922
2025-05-29,39.09429168701172
2025-05-30,39.20848846435547
2025-06-02,39.254398345947266
2025-06-03,39.145301818847656
2025-06-04,39.14459991455078
2025-06-05,39.264400482177734
2025-06-06,39.282501220703125
2025-06-09,39.24409866333008
2025-06-10,39.29912185668945
2025-06-11,39.19559860229492
2025-06-12,39.129539489746094
2025-06-13,39.395599365234375
2025-06-16,39.36800003051758
2025-06-17,39.38759994506836
2025-06-18,39.52090072631836
2025-06-19,39.53409957885742
2025-06-20,39.663700103759766
2025-06-23,39.72050094604492
2025-06-24,39.67070007324219
2025-06-25,39.6245002746582
2025-06-26,39.75859832763672
2025-06-27,39.85430145263672
2025-06-30,39.89059829711914
2025-07-01,39.82659912109375
2025-07-02,39.83879852294922
2025-07-03,39.904701232910156
2025-07-04,39.82059860229492
2025-07-07,39.95100021362305
2025-07-08,40.00320053100586
2025-07-09,40.02954864501953
2025-07-10,40.04629898071289
2025-07-11,40.15909957885742
2025-07-14,40.19459915161133
2025-07-15,40.226898193359375
2025-07-16,40.25429916381836
2025-07-17,40.240699768066406
2025-07-18,40.33599853515625
2025-07-21,40.394500732421875
2025-07-22,40.40439987182617
2025-07-23,40.433998107910156
2025-07-24,40.45109939575195
2025-07-25,40.5359992980957
2025-07-28,40.54029846191406
2025-07-29,40.56169891357422
2025-07-30,40.571998596191406
2025-07-31,40.58700180053711
2025-08-01,40.66279983520508
2025-08-04,40.677799224853516
2025-08-05,40.67490005493164
2025-08-06,40.66899871826172
2025-08-07,40.659400939941406
2025-08-08,40.656009674072266
2025-08-11,40.74729919433594
2025-08-12,40.708499908447266
2025-08-13,40.755001068115234
2025-08-14,40.781898498535156
2025-08-15,40.846900939941406
2025-08-18,40.89889907836914
2025-08-19,40.88309860229492
2025-08-20,40.86960983276367
2025-08-21,40.911800384521484
2025-08-22,41.007598876953125
2025-08-25,40.96030044555664
2025-08-26,41.003501892089844
2025-08-27,41.037498474121094
2025-08-28,41.05189895629883
2025-08-29,41.140499114990234
2025-09-01,41.142398834228516
2025-09-02,41.14289855957031
2025-09-03,41.16619873046875
2025-09-04,41.158599853515625
2025-09-05,41.247501373291016
2025-09-08,41.25559997558594
2025-09-09,41.261390686035156
2025-09-10,41.257301330566406
2025-09-11,41.27539825439453
2025-09-12,41.34280014038086
2025-09-15,41.27825927734375
2025-09-16,41.307701110839844
2025-09-17,41.30730056762695
2025-09-18,41.30110168457031
2025-09-19,41.39720153808594
2025-09-22,41.407901763916016
2025-09-23,41.39189910888672
2025-09-24,41.418701171875
2025-09-25,41.469600677490234
2025-09-26,41.56399917602539
2025-09-29,41.56108856201172
2025-09-30,41.57659912109375
2025-10-01,41.582698822021484
2025-10-02,41.59410095214844
2025-10-03,41.64179992675781
2025-10-06,41.68830108642578
2025-10-07,41.703800201416016
2025-10-08,41.71736145019531
2025-10-09,41.73080062866211
2025-10-10,41.822471618652344
2025-10-13,41.8129997253418
2025-10-14,41.81230163574219
2025-10-15,41.81919860839844
2025-10-16,41.851200103759766
2025-10-17,41.89630126953125
2025-10-20,41.93040084838867
2025-10-21,41.92890167236328
2025-10-22,41.96820068359375
2025-10-23,41.97639846801758
2025-10-24,42.03110122680664
2025-10-27,41.99216079711914
2025-10-28,41.95940017700195
2025-10-29,41.94852066040039
2025-10-30,41.89762878417969
2025-10-31,42.026798248291016
2025-11-03,42.03961944580078
2025-11-04,42.06949996948242
2025-11-05,42.071998596191406
2025-11-06,42.11119842529297
2025-11-07,42.16474151611328
2025-11-10,42.23031997680664
2025-11-11,42.234100341796875
2025-11-12,42.23789978027344
2025-11-13,42.2484016418457
2025-11-14,42.28519821166992
2025-11-17,42.31201171875
2025-11-18,42.318599700927734
2025-11-19,42.326900482177734
2025-11-20,42.342899322509766
2025-11-21,42.43870162963867
2025-11-24,42.395748138427734
2025-11-25,42.442501068115234
2025-11-26,42.46220016479492
2025-11-27,42.44240188598633
2025-11-28,42.48509979248047
2025-12-01,42.46950149536133
2025-12-02,42.41801071166992
2025-12-03,42.45227813720703
2025-12-04,42.446998596191406
2025-12-05,42.500099182128906
2025-12-08,42.51499938964844
2025-12-09,42.55390167236328
2025-12-10,42.549400329589844
2025-12-11,42.61159896850586
2025-12-12,42.63240051269531
2025-12-15,42.68220138549805
2025-12-16,42.69390106201172
2025-12-17,42.70759963989258
2025-12-18,42.72959899902344
2025-12-19,42.785301208496094
2025-12-22,42.806880950927734
2025-12-23,42.815799713134766
2025-12-24,42.847999572753906
2025-12-26,42.85449981689453
2025-12-29,42.90407943725586
2025-12-30,42.935699462890625
2025-12-31,42.95198059082031
2026-01-02,42.99399948120117
2026-01-05,43.01118850708008
2026-01-06,43.03919982910156
2026-01-07,43.04059982299805
2026-01-08,43.036598205566406
2026-01-09,43.12889862060547
2026-01-12,43.10540008544922
2026-01-13,43.14179992675781
2026-01-14,43.152400970458984
2026-01-15,43.16960144042969
2026-01-16,43.27220153808594
2026-01-19,43.26826858520508
2026-01-20,43.276100158691406
2026-01-21,43.289398193359375
2026-01-22,43.295799255371094
2026-01-23,43.339900970458984
2026-01-26,43.38639831542969
2026-01-27,43.38180160522461
2026-01-28,43.41460037231445
2026-01-29,43.40729904174805
2026-01-30,43.455101013183594
2026-02-02,43.48197937011719
2026-02-03,43.47489929199219
2026-02-04,43.49100112915039
2026-02-05,43.519500732421875
2026-02-06,43.60929870605469
2026-02-09,43.46875
2026-02-10,43.58409881591797
2026-02-11,43.627498626708984
2026-02-12,43.63610076904297
2026-02-13,43.72809982299805
2026-02-16,43.69063186645508
2026-02-17,43.722801208496094
2026-02-18,43.734500885009766
2026-02-19,43.763999938964844
2026-02-20,43.83829879760742
2026-02-23,43.80820083618164
2026-02-24,43.84659957885742
2026-02-25,43.854801177978516
2026-02-26,43.8650016784668
2026-02-27,43.95539855957031
2026-03-02,43.9486083984375
2026-03-03,43.96500015258789
2026-03-04,43.948001861572266
2026-03-05,43.93980026245117
2026-03-06,44.03340148925781
2026-03-09,44.083091735839844
2026-03-10,44.07979965209961
2026-03-11,44.088401794433594
2026-03-12,44.0984001159668
2026-03-13,44.18539810180664
2026-03-16,44.17097091674805
2026-03-17,44.18349838256836
2026-03-18,44.21540069580078
2026-03-19,44.319000244140625
2026-03-20,44.3036994934082
2026-03-23,44.29280090332031
2026-03-24,44.338600158691406
2026-03-25,44.339298248291016
2026-03-26,44.35459899902344
2026-03-27,44.45555114746094
2026-03-30,44.4452018737793
2026-03-31,44.473899841308594
2026-04-01,44.454898834228516
2026-04-02,44.48640060424805
2026-04-03,44.55580139160156
2026-04-06,44.58409881591797
2026-04-07,44.605098724365234
2026-04-08,44.567901611328125
2026-04-09,44.48469924926758
2026-04-10,44.638099670410156
2026-04-13,44.69960021972656
2026-04-14,44.702999114990234
2026-04-15,44.7317008972168
2026-04-16,44.72779846191406
2026-04-17,44.8484992980957
2026-04-20,44.85419845581055
2026-04-21,44.885501861572266
2026-04-22,44.9192008972168
2026-04-23,44.920101165771484
2026-04-24,44.975799560546875
2026-04-27,45.01279830932617
2026-04-28,45.02980041503906
2026-04-29,45.060691833496094
2026-04-30,45.16600036621094
2026-05-01,45.14099884033203
2026-05-04,45.185298919677734
2026-05-05,45.21440124511719
2026-05-06,45.22959899902344
2026-05-07,45.227901458740234
2026-05-08,45.223751068115234
2026-05-11,45.352500915527344
2026-05-12,45.38529968261719
2026-05-13,45.40019989013672
2026-05-14,45.43050003051758
2026-05-15,45.54199981689453
2026-05-18,45.49235916137695
2026-05-19,45.57270050048828
2026-05-20,45.58430099487305
2026-05-21,45.59130096435547
2026-05-22,45.71379852294922
2026-05-25,45.72740173339844
2026-05-26,45.897499084472656
2026-05-27,45.893699645996094
2026-05-28,45.892799377441406
2026-05-29,45.89179992675781
2026-06-01,45.897701263427734
2026-06-02,45.92539978027344
2026-06-03,45.945098876953125
2026-06-04,45.97380065917969
2026-06-05,46.06439971923828
2026-06-08,46.09109878540039
2026-06-09,46.10660171508789
2026-06-10,46.119998931884766
2026-06-11,46.150901794433594
2026-06-12,46.24079895019531
2026-06-15,46.26443862915039
2026-06-16,46.284400939941406
2026-06-17,46.30540084838867
2026-06-18,46.44004821777344
2026-06-19,46.419891357421875
2026-06-22,46.45209884643555
2026-06-23,46.46657180786133
2026-06-24,46.47090148925781
2026-06-25,46.50558853149414
2026-06-26,46.57929992675781
2026-06-29,46.6161994934082
2026-06-30,46.64070129394531
2026-07-01,46.654701232910156
2026-07-02,46.67720031738281
2026-07-03,46.7234992980957
2026-07-06,46.80759811401367
2026-07-07,46.81850051879883
2026-07-08,46.851898193359375
2026-07-09,46.868099212646484
2026-07-10,46.94770050048828
2026-07-13,46.986541748046875
2026-07-14,47.02259826660156
2026-07-15,47.02579879760742
2026-07-16,47.036598205566406
2026-07-17,47.10210037231445
2026-07-20,47.14113998413086
2026-07-21,47.180599212646484
2026-07-22,47.19770050048828
2026-07-23,47.212398529052734
2026-07-24,47.31679916381836
2026-07-27,47.35100173950195
2026-07-28,47.354400634765625
2026-07-29,47.383399963378906
2026-07-30,47.36988830566406
2026-07-31,47.501399993896484
2026-08-03,47.53409957885742
2026-08-04,47.540000915527344
2026-08-05,47.568199157714844
2026-08-06,47.55060958862305
2026-08-07,47.6598014831543
2026-08-10,47.69150161743164
2026-08-11,47.72330093383789
2026-08-12,47.75019836425781
2026-08-13,47.757999420166016
2026-08-14,47.87969970703125
2026-08-17,47.857398986816406
2026-08-18,47.90330123901367
2026-08-19,47.910099029541016
2026-08-20,47.94490051269531
2026-08-21,48.042598724365234
2026-08-24,48.0454216003418
2026-08-25,48.07659912109375
2026-08-26,48.11069869995117
2026-08-27,48.13240051269531
2026-08-28,47.99409866333008
2026-08-31,48.24689865112305
2026-09-01,48.270999908447266
